year,state,income,yearly_increase,yearly_inflation
1987,Nevada,26878,113.6,3.7
1987,Michigan,27702,113.6,3.7
1987,Rhode_Island,28292,113.6,3.7
1987,Washington,27319,113.6,3.7
1987,Alaska,33233,113.6,3.7
1987,Massachusetts,32241,113.6,3.7
1987,Nebraska,23268,113.6,3.7
1987,West_Virgina,17207,113.6,3.7
1987,Alabama,19734,113.6,3.7
1987,Florida,24489,113.6,3.7
1987,Illinois,27084,113.6,3.7
1987,Ohio,25773,113.6,3.7
1987,South_Carolina,25049,113.6,3.7
1987,District_of_Columbia,27455,113.6,3.7
1987,Indiana,22519,113.6,3.7
1987,North_Dakota,22576,113.6,3.7
1987,South_Dakota,21151,113.6,3.7
1987,Georgia,26714,113.6,3.7
1987,Oregon,25038,113.6,3.7
1987,Hawaii,35022,113.6,3.7
1987,Idaho,20755,113.6,3.7
1987,Wyoming,27590,113.6,3.7
1987,Delaware,29244,113.6,3.7
1987,Iowa,22190,113.6,3.7
1987,North_Carolina,22760,113.6,3.7
1987,Tennessee,21179,113.6,3.7
1987,Connecticut,32862,113.6,3.7
1987,Kansas,25583,113.6,3.7
1987,New_York,26384,113.6,3.7
1987,Texas,24721,113.6,3.7
1987,Colorado,26476,113.6,3.7
1987,Kentucky,20673,113.6,3.7
1987,New_Mexico,20758,113.6,3.7
1987,Pennsylvania,25424,113.6,3.7
1987,avgerage,26061,113.6,3.7
1987,Utah,26529,113.6,3.7
1987,Wisconsin,26369,113.6,3.7
1987,Mississippi,18513,113.6,3.7
1987,California,30146,113.6,3.7
1987,Louisiana,21349,113.6,3.7
1987,New_Jersey,34241,113.6,3.7
1987,Vermont,25415,113.6,3.7
1987,Arkansas,18827,113.6,3.7
1987,Minnesota,28082,113.6,3.7
1987,Maine,23600,113.6,3.7
1987,New_Hampsire,32338,113.6,3.7
1987,Missouri,23720,113.6,3.7
1987,Virgina,29996,113.6,3.7
1987,Arizona,26749,113.6,3.7
1987,Maryland,34970,113.6,3.7
1987,Oklahoma,21691,113.6,3.7
1987,Montana,20474,113.6,3.7
1988,Wyoming,26419,118.3,4.1
1988,Georgia,26566,118.3,4.1
1988,Pennsylvania,26742,118.3,4.1
1988,Oregon,27748,118.3,4.1
1988,Hawaii,33024,118.3,4.1
1988,avgerage,27225,118.3,4.1
1988,Wisconsin,29575,118.3,4.1
1988,Montana,22231,118.3,4.1
1988,Michigan,29472,118.3,4.1
1988,Alabama,19948,118.3,4.1
1988,West_Virgina,19353,118.3,4.1
1988,Nebraska,25159,118.3,4.1
1988,Massachusetts,33213,118.3,4.1
1988,Alaska,33103,118.3,4.1
1988,Washington,32327,118.3,4.1
1988,Missouri,23443,118.3,4.1
1988,Nevada,27983,118.3,4.1
1988,Maryland,36552,118.3,4.1
1988,Arizona,26435,118.3,4.1
1988,Virgina,32648,118.3,4.1
1988,New_Hampsire,34625,118.3,4.1
1988,Maine,26402,118.3,4.1
1988,Arkansas,20172,118.3,4.1
1988,Vermont,28988,118.3,4.1
1988,Minnesota,29087,118.3,4.1
1988,New_Jersey,36287,118.3,4.1
1988,Louisiana,20497,118.3,4.1
1988,California,30287,118.3,4.1
1988,Utah,26313,118.3,4.1
1988,New_Mexico,19296,118.3,4.1
1988,Kentucky,19907,118.3,4.1
1988,Colorado,26214,118.3,4.1
1988,Texas,24963,118.3,4.1
1988,New_York,28915,118.3,4.1
1988,Kansas,25566,118.3,4.1
1988,Connecticut,36213,118.3,4.1
1988,Tennessee,20856,118.3,4.1
1988,North_Carolina,24415,118.3,4.1
1988,Iowa,24305,118.3,4.1
1988,Delaware,30505,118.3,4.1
1988,South_Dakota,22294,118.3,4.1
1988,North_Dakota,24092,118.3,4.1
1988,Indiana,26293,118.3,4.1
1988,District_of_Columbia,26741,118.3,4.1
1988,South_Carolina,25533,118.3,4.1
1988,Ohio,27740,118.3,4.1
1988,Illinois,29524,118.3,4.1
1988,Florida,25406,118.3,4.1
1988,Rhode_Island,29842,118.3,4.1
1988,Mississippi,18166,118.3,4.1
1988,Oklahoma,23667,118.3,4.1
1988,Idaho,23450,118.3,4.1
1989,Montana,23692,124,4.8
1989,Mississippi,19917,124,4.8
1989,West_Virgina,21677,124,4.8
1989,Indiana,25898,124,4.8
1989,Maine,28221,124,4.8
1989,Alabama,21284,124,4.8
1989,Wyoming,29521,124,4.8
1989,Wisconsin,29123,124,4.8
1989,North_Dakota,25229,124,4.8
1989,New_Mexico,22602,124,4.8
1989,New_York,31496,124,4.8
1989,South_Dakota,24108,124,4.8
1989,avgerage,28906,124,4.8
1989,Oregon,28529,124,4.8
1989,Nebraska,26319,124,4.8
1989,Arizona,28552,124,4.8
1989,Arkansas,21433,124,4.8
1989,Florida,26085,124,4.8
1989,Hawaii,35035,124,4.8
1989,Kentucky,23283,124,4.8
1989,Idaho,24654,124,4.8
1989,Delaware,32068,124,4.8
1989,Vermont,31295,124,4.8
1989,Illinois,31300,124,4.8
1989,Michigan,30775,124,4.8
1989,Alaska,36006,124,4.8
1989,Georgia,27542,124,4.8
1989,Iowa,26265,124,4.8
1989,Rhode_Island,30124,124,4.8
1989,Virgina,34118,124,4.8
1989,North_Carolina,26406,124,4.8
1989,Texas,25886,124,4.8
1989,Missouri,26497,124,4.8
1989,New_Jersey,39120,124,4.8
1989,Ohio,29021,124,4.8
1989,Nevada,29340,124,4.8
1989,Maryland,36016,124,4.8
1989,Utah,30717,124,4.8
1989,Kansas,26862,124,4.8
1989,Louisiana,22861,124,4.8
1989,Washington,31961,124,4.8
1989,South_Carolina,23798,124,4.8
1989,District_of_Columbia,26752,124,4.8
1989,Tennessee,22611,124,4.8
1989,Pennsylvania,28690,124,4.8
1989,Minnesota,30185,124,4.8
1989,Connecticut,42321,124,4.8
1989,Colorado,26806,124,4.8
1989,Oklahoma,23667,124,4.8
1989,New_Hampsire,37532,124,4.8
1989,Massachusetts,36086,124,4.8
1989,California,33009,124,4.8
1990,Alaska,39298,130.7,5.4
1990,Oklahoma,24384,130.7,5.4
1990,Utah,30142,130.7,5.4
1990,New_York,31591,130.7,5.4
1990,Texas,28228,130.7,5.4
1990,Minnesota,31465,130.7,5.4
1990,Colorado,30733,130.7,5.4
1990,Florida,26685,130.7,5.4
1990,New_Mexico,25039,130.7,5.4
1990,Kentucky,24780,130.7,5.4
1990,avgerage,29943,130.7,5.4
1990,Maryland,38857,130.7,5.4
1990,Nebraska,27482,130.7,5.4
1990,Missouri,27332,130.7,5.4
1990,West_Virgina,22137,130.7,5.4
1990,Alabama,23357,130.7,5.4
1990,Illinois,32542,130.7,5.4
1990,Washington,32112,130.7,5.4
1990,Arizona,29224,130.7,5.4
1990,Montana,23375,130.7,5.4
1990,Virgina,35073,130.7,5.4
1990,Ohio,30013,130.7,5.4
1990,Mississippi,20178,130.7,5.4
1990,South_Carolina,28735,130.7,5.4
1990,Massachusetts,36247,130.7,5.4
1990,New_Hampsire,40805,130.7,5.4
1990,District_of_Columbia,27392,130.7,5.4
1990,Indiana,26928,130.7,5.4
1990,Maine,27464,130.7,5.4
1990,Oregon,29281,130.7,5.4
1990,North_Dakota,25264,130.7,5.4
1990,South_Dakota,24571,130.7,5.4
1990,Idaho,25305,130.7,5.4
1990,Arkansas,22786,130.7,5.4
1990,Pennsylvania,29005,130.7,5.4
1990,Hawaii,38921,130.7,5.4
1990,Vermont,31098,130.7,5.4
1990,Delaware,30804,130.7,5.4
1990,Iowa,27288,130.7,5.4
1990,Michigan,29937,130.7,5.4
1990,Nevada,32023,130.7,5.4
1990,New_Jersey,38734,130.7,5.4
1990,Rhode_Island,31968,130.7,5.4
1990,North_Carolina,26329,130.7,5.4
1990,Wisconsin,30711,130.7,5.4
1990,Louisiana,22405,130.7,5.4
1990,Georgia,27561,130.7,5.4
1990,Tennessee,22592,130.7,5.4
1990,Connecticut,38870,130.7,5.4
1990,Kansas,29917,130.7,5.4
1990,Wyoming,29460,130.7,5.4
1990,California,33290,130.7,5.4
1991,Georgia,27212,136.2,4.2
1991,Washington,33970,136.2,4.2
1991,Nevada,32937,136.2,4.2
1991,Florida,27252,136.2,4.2
1991,Maryland,36952,136.2,4.2
1991,Arizona,30737,136.2,4.2
1991,Montana,24827,136.2,4.2
1991,Virgina,36137,136.2,4.2
1991,New_Hampsire,36032,136.2,4.2
1991,Pennsylvania,30367,136.2,4.2
1991,Wyoming,29050,136.2,4.2
1991,Maine,27868,136.2,4.2
1991,Arkansas,23435,136.2,4.2
1991,Vermont,29155,136.2,4.2
1991,New_Jersey,40049,136.2,4.2
1991,Wisconsin,31133,136.2,4.2
1991,Rhode_Island,30836,136.2,4.2
1991,Louisiana,25299,136.2,4.2
1991,California,33664,136.2,4.2
1991,Utah,28016,136.2,4.2
1991,New_Mexico,26540,136.2,4.2
1991,Kentucky,23764,136.2,4.2
1991,Minnesota,29479,136.2,4.2
1991,Colorado,31499,136.2,4.2
1991,avgerage,30126,136.2,4.2
1991,Oklahoma,25462,136.2,4.2
1991,Texas,27733,136.2,4.2
1991,New_York,31794,136.2,4.2
1991,Kansas,29295,136.2,4.2
1991,Connecticut,42154,136.2,4.2
1991,Tennessee,24453,136.2,4.2
1991,North_Carolina,26853,136.2,4.2
1991,Hawaii,37246,136.2,4.2
1991,Iowa,28553,136.2,4.2
1991,Delaware,32585,136.2,4.2
1991,South_Dakota,24639,136.2,4.2
1991,North_Dakota,25892,136.2,4.2
1991,Idaho,26116,136.2,4.2
1991,Oregon,30190,136.2,4.2
1991,Indiana,27089,136.2,4.2
1991,Mississippi,19475,136.2,4.2
1991,District_of_Columbia,29885,136.2,4.2
1991,South_Carolina,27463,136.2,4.2
1991,Ohio,29790,136.2,4.2
1991,Illinois,31884,136.2,4.2
1991,Missouri,27926,136.2,4.2
1991,Alabama,24346,136.2,4.2
1991,West_Virgina,23147,136.2,4.2
1991,Nebraska,29549,136.2,4.2
1991,Michigan,32117,136.2,4.2
1991,Massachusetts,35714,136.2,4.2
1991,Alaska,40612,136.2,4.2
1992,Virgina,38198,140.3,3
1992,Wisconsin,33308,140.3,3
1992,Ohio,31404,140.3,3
1992,West_Virgina,20271,140.3,3
1992,Arkansas,23882,140.3,3
1992,Georgia,28797,140.3,3
1992,South_Carolina,27578,140.3,3
1992,Montana,26525,140.3,3
1992,Oklahoma,25284,140.3,3
1992,South_Dakota,26259,140.3,3
1992,New_Mexico,25860,140.3,3
1992,New_Hampsire,39436,140.3,3
1992,Mississippi,20570,140.3,3
1992,Massachusetts,36359,140.3,3
1992,Utah,34251,140.3,3
1992,North_Dakota,26959,140.3,3
1992,Alaska,41802,140.3,3
1992,District_of_Columbia,30247,140.3,3
1992,Kansas,30346,140.3,3
1992,Florida,27349,140.3,3
1992,Maine,29617,140.3,3
1992,Indiana,28530,140.3,3
1992,Idaho,27704,140.3,3
1992,Louisiana,25439,140.3,3
1992,Missouri,27361,140.3,3
1992,Colorado,32484,140.3,3
1992,Tennessee,24318,140.3,3
1992,New_York,31051,140.3,3
1992,Kentucky,23485,140.3,3
1992,Texas,27953,140.3,3
1992,Minnesota,30981,140.3,3
1992,North_Carolina,27771,140.3,3
1992,Maryland,37203,140.3,3
1992,Wyoming,30209,140.3,3
1992,New_Jersey,39000,140.3,3
1992,Oregon,31927,140.3,3
1992,Hawaii,42113,140.3,3
1992,Alabama,25808,140.3,3
1992,Nevada,31908,140.3,3
1992,avgerage,30636,140.3,3
1992,Illinois,31551,140.3,3
1992,Rhode_Island,30432,140.3,3
1992,Washington,33900,140.3,3
1992,Iowa,28743,140.3,3
1992,Connecticut,40841,140.3,3
1992,Arizona,29358,140.3,3
1992,Nebraska,30048,140.3,3
1992,Pennsylvania,29882,140.3,3
1992,California,34903,140.3,3
1992,Delaware,35678,140.3,3
1992,Michigan,32267,140.3,3
1992,Vermont,32755,140.3,3
1993,Rhode_Island,33509,144.5,3
1993,avgerage,31241,144.5,3
1993,Nebraska,31008,144.5,3
1993,Kansas,29770,144.5,3
1993,Minnesota,33682,144.5,3
1993,Connecticut,39516,144.5,3
1993,California,34073,144.5,3
1993,Hawaii,42662,144.5,3
1993,Louisiana,26312,144.5,3
1993,Tennessee,25102,144.5,3
1993,Missouri,28682,144.5,3
1993,North_Carolina,28820,144.5,3
1993,New_Jersey,40500,144.5,3
1993,Vermont,31065,144.5,3
1993,Iowa,28663,144.5,3
1993,Mississippi,22191,144.5,3
1993,Delaware,36064,144.5,3
1993,Wisconsin,31766,144.5,3
1993,Arkansas,23039,144.5,3
1993,Nevada,35814,144.5,3
1993,South_Dakota,27737,144.5,3
1993,North_Dakota,28118,144.5,3
1993,Florida,28550,144.5,3
1993,Maine,27438,144.5,3
1993,Oklahoma,26260,144.5,3
1993,Washington,35655,144.5,3
1993,Indiana,29475,144.5,3
1993,District_of_Columbia,27304,144.5,3
1993,Montana,26470,144.5,3
1993,Idaho,31010,144.5,3
1993,New_Hampsire,37964,144.5,3
1993,Massachusetts,37064,144.5,3
1993,South_Carolina,26053,144.5,3
1993,Ohio,31285,144.5,3
1993,Virgina,36433,144.5,3
1993,Pennsylvania,30995,144.5,3
1993,Oregon,33138,144.5,3
1993,Alabama,25082,144.5,3
1993,Alaska,42931,144.5,3
1993,Arizona,30510,144.5,3
1993,Illinois,32857,144.5,3
1993,Michigan,32662,144.5,3
1993,Georgia,31663,144.5,3
1993,Wyoming,29442,144.5,3
1993,Kentucky,24376,144.5,3
1993,Colorado,34488,144.5,3
1993,New_Mexico,26758,144.5,3
1993,West_Virgina,22421,144.5,3
1993,Utah,35786,144.5,3
1993,Texas,28727,144.5,3
1993,New_York,31697,144.5,3
1993,Maryland,39939,144.5,3
1994,Georgia,31467,148.2,2.6
1994,Oregon,31456,148.2,2.6
1994,Hawaii,42255,148.2,2.6
1994,Delaware,35873,148.2,2.6
1994,California,35331,148.2,2.6
1994,New_Hampsire,35245,148.2,2.6
1994,Iowa,33079,148.2,2.6
1994,Oklahoma,26991,148.2,2.6
1994,Vermont,35802,148.2,2.6
1994,Alaska,45367,148.2,2.6
1994,Alabama,27196,148.2,2.6
1994,New_York,31899,148.2,2.6
1994,Mississippi,25400,148.2,2.6
1994,Connecticut,41097,148.2,2.6
1994,Wyoming,33140,148.2,2.6
1994,Arizona,31293,148.2,2.6
1994,Utah,35716,148.2,2.6
1994,Michigan,35284,148.2,2.6
1994,Nebraska,31794,148.2,2.6
1994,avgerage,32264,148.2,2.6
1994,Illinois,35081,148.2,2.6
1994,West_Virgina,23564,148.2,2.6
1994,Kansas,28322,148.2,2.6
1994,Rhode_Island,31928,148.2,2.6
1994,Missouri,30190,148.2,2.6
1994,Tennessee,28639,148.2,2.6
1994,Washington,33533,148.2,2.6
1994,Montana,27631,148.2,2.6
1994,Indiana,27858,148.2,2.6
1994,Nevada,35871,148.2,2.6
1994,District_of_Columbia,30116,148.2,2.6
1994,Kentucky,26595,148.2,2.6
1994,Maine,30316,148.2,2.6
1994,North_Dakota,28278,148.2,2.6
1994,Maryland,39198,148.2,2.6
1994,South_Dakota,29733,148.2,2.6
1994,Colorado,37833,148.2,2.6
1994,Minnesota,33644,148.2,2.6
1994,Ohio,31855,148.2,2.6
1994,Pennsylvania,32066,148.2,2.6
1994,Idaho,31536,148.2,2.6
1994,Texas,30755,148.2,2.6
1994,Wisconsin,35388,148.2,2.6
1994,Florida,29294,148.2,2.6
1994,Arkansas,25565,148.2,2.6
1994,Louisiana,25676,148.2,2.6
1994,South_Carolina,29846,148.2,2.6
1994,Virgina,37647,148.2,2.6
1994,North_Carolina,30114,148.2,2.6
1994,New_Jersey,42280,148.2,2.6
1994,Massachusetts,40500,148.2,2.6
1994,New_Mexico,26905,148.2,2.6
1995,Missouri,34825,152.4,2.8
1995,avgerage,34076,152.4,2.8
1995,Mississippi,26538,152.4,2.8
1995,Wisconsin,40955,152.4,2.8
1995,Alabama,25991,152.4,2.8
1995,West_Virgina,24880,152.4,2.8
1995,Alaska,47954,152.4,2.8
1995,Washington,35568,152.4,2.8
1995,Arizona,30863,152.4,2.8
1995,Virgina,36222,152.4,2.8
1995,Arkansas,25814,152.4,2.8
1995,Vermont,33824,152.4,2.8
1995,California,37009,152.4,2.8
1995,Utah,36480,152.4,2.8
1995,Colorado,40706,152.4,2.8
1995,Texas,32039,152.4,2.8
1995,Connecticut,40243,152.4,2.8
1995,Tennessee,29015,152.4,2.8
1995,Wyoming,31529,152.4,2.8
1995,Delaware,34928,152.4,2.8
1995,South_Dakota,29578,152.4,2.8
1995,District_of_Columbia,30748,152.4,2.8
1995,South_Carolina,29071,152.4,2.8
1995,Florida,29745,152.4,2.8
1995,Rhode_Island,35359,152.4,2.8
1995,Georgia,34099,152.4,2.8
1995,Pennsylvania,34524,152.4,2.8
1995,Hawaii,42851,152.4,2.8
1995,Oregon,36374,152.4,2.8
1995,Idaho,32676,152.4,2.8
1995,Oklahoma,26311,152.4,2.8
1995,Illinois,38071,152.4,2.8
1995,Ohio,34941,152.4,2.8
1995,Indiana,33385,152.4,2.8
1995,North_Dakota,29089,152.4,2.8
1995,Iowa,35519,152.4,2.8
1995,North_Carolina,31979,152.4,2.8
1995,Kansas,30341,152.4,2.8
1995,New_York,33028,152.4,2.8
1995,Kentucky,29810,152.4,2.8
1995,New_Mexico,25991,152.4,2.8
1995,Louisiana,27949,152.4,2.8
1995,New_Jersey,43924,152.4,2.8
1995,Maine,33858,152.4,2.8
1995,New_Hampsire,39171,152.4,2.8
1995,Maryland,41041,152.4,2.8
1995,Nevada,36084,152.4,2.8
1995,Massachusetts,38574,152.4,2.8
1995,Nebraska,32929,152.4,2.8
1995,Michigan,36426,152.4,2.8
1995,Montana,27757,152.4,2.8
1995,Minnesota,37933,152.4,2.8
1996,Maryland,43993,156.9,2.9
1996,Delaware,39309,156.9,2.9
1996,Rhode_Island,36986,156.9,2.9
1996,New_Hampsire,39407,156.9,2.9
1996,Nebraska,34014,156.9,2.9
1996,Virgina,39211,156.9,2.9
1996,Florida,30641,156.9,2.9
1996,West_Virgina,25247,156.9,2.9
1996,Arkansas,27123,156.9,2.9
1996,Maine,34696,156.9,2.9
1996,avgerage,35492,156.9,2.9
1996,Oklahoma,27437,156.9,2.9
1996,South_Carolina,34665,156.9,2.9
1996,Mississippi,26677,156.9,2.9
1996,Pennsylvania,34899,156.9,2.9
1996,Ohio,34070,156.9,2.9
1996,Wisconsin,40001,156.9,2.9
1996,Tennessee,30790,156.9,2.9
1996,Alaska,52779,156.9,2.9
1996,New_Jersey,47468,156.9,2.9
1996,Vermont,32358,156.9,2.9
1996,Massachusetts,39494,156.9,2.9
1996,Connecticut,42119,156.9,2.9
1996,California,38812,156.9,2.9
1996,Louisiana,30262,156.9,2.9
1996,Montana,28684,156.9,2.9
1996,Nevada,38540,156.9,2.9
1996,New_Mexico,25086,156.9,2.9
1996,Washington,36676,156.9,2.9
1996,Alabama,30302,156.9,2.9
1996,Indiana,35147,156.9,2.9
1996,Minnesota,40991,156.9,2.9
1996,District_of_Columbia,31966,156.9,2.9
1996,Michigan,39225,156.9,2.9
1996,Idaho,34709,156.9,2.9
1996,Utah,37038,156.9,2.9
1996,Kansas,32585,156.9,2.9
1996,Iowa,33209,156.9,2.9
1996,Colorado,40950,156.9,2.9
1996,Kentucky,32413,156.9,2.9
1996,Illinois,39554,156.9,2.9
1996,Wyoming,30953,156.9,2.9
1996,Hawaii,41772,156.9,2.9
1996,New_York,35410,156.9,2.9
1996,Texas,33072,156.9,2.9
1996,North_Carolina,35601,156.9,2.9
1996,Georgia,32496,156.9,2.9
1996,Arizona,31637,156.9,2.9
1996,South_Dakota,29526,156.9,2.9
1996,Missouri,34265,156.9,2.9
1996,North_Dakota,31470,156.9,2.9
1996,Oregon,35492,156.9,2.9
1997,North_Dakota,31661,160.5,2.3
1997,Connecticut,43985,160.5,2.3
1997,Mississippi,28499,160.5,2.3
1997,Kansas,36471,160.5,2.3
1997,North_Carolina,35840,160.5,2.3
1997,Tennessee,30636,160.5,2.3
1997,Iowa,33783,160.5,2.3
1997,Delaware,43033,160.5,2.3
1997,Missouri,36553,160.5,2.3
1997,Wisconsin,39595,160.5,2.3
1997,Alabama,31939,160.5,2.3
1997,Georgia,36663,160.5,2.3
1997,Michigan,38742,160.5,2.3
1997,avgerage,37005,160.5,2.3
1997,Nebraska,34692,160.5,2.3
1997,Rhode_Island,34797,160.5,2.3
1997,Oklahoma,31351,160.5,2.3
1997,West_Virgina,27488,160.5,2.3
1997,Alaska,47994,160.5,2.3
1997,Massachusetts,42023,160.5,2.3
1997,Nevada,38854,160.5,2.3
1997,Washington,44562,160.5,2.3
1997,Arizona,32740,160.5,2.3
1997,Pennsylvania,37517,160.5,2.3
1997,Illinois,41283,160.5,2.3
1997,Florida,32455,160.5,2.3
1997,Hawaii,40934,160.5,2.3
1997,Maryland,46685,160.5,2.3
1997,New_Hampsire,40998,160.5,2.3
1997,Wyoming,33423,160.5,2.3
1997,Virgina,42957,160.5,2.3
1997,Arkansas,26162,160.5,2.3
1997,South_Carolina,34262,160.5,2.3
1997,Maine,32772,160.5,2.3
1997,Minnesota,42564,160.5,2.3
1997,Ohio,36134,160.5,2.3
1997,Oregon,37247,160.5,2.3
1997,New_Jersey,48021,160.5,2.3
1997,Vermont,35053,160.5,2.3
1997,California,39694,160.5,2.3
1997,Louisiana,33260,160.5,2.3
1997,New_Mexico,30086,160.5,2.3
1997,Idaho,33404,160.5,2.3
1997,Indiana,38889,160.5,2.3
1997,District_of_Columbia,31860,160.5,2.3
1997,Utah,42775,160.5,2.3
1997,Colorado,43233,160.5,2.3
1997,Kentucky,33452,160.5,2.3
1997,New_York,35798,160.5,2.3
1997,Texas,35075,160.5,2.3
1997,Montana,29212,160.5,2.3
1997,South_Dakota,29694,160.5,2.3
1998,Oregon,39067,163,1.6
1998,Idaho,36680,163,1.6
1998,Georgia,38665,163,1.6
1998,Wyoming,35250,163,1.6
1998,Rhode_Island,40686,163,1.6
1998,Oklahoma,33727,163,1.6
1998,Illinois,43178,163,1.6
1998,Minnesota,47926,163,1.6
1998,Florida,34909,163,1.6
1998,South_Carolina,33267,163,1.6
1998,Ohio,38925,163,1.6
1998,Indiana,39731,163,1.6
1998,District_of_Columbia,33433,163,1.6
1998,South_Dakota,32786,163,1.6
1998,North_Dakota,30304,163,1.6
1998,Iowa,37019,163,1.6
1998,Delaware,41458,163,1.6
1998,Tennessee,34091,163,1.6
1998,North_Carolina,35838,163,1.6
1998,Kansas,36711,163,1.6
1998,Connecticut,46508,163,1.6
1998,Texas,35783,163,1.6
1998,Mississippi,29120,163,1.6
1998,New_York,37394,163,1.6
1998,Kentucky,36252,163,1.6
1998,Colorado,46599,163,1.6
1998,Utah,44299,163,1.6
1998,New_Mexico,31543,163,1.6
1998,Louisiana,31735,163,1.6
1998,California,40934,163,1.6
1998,Vermont,39372,163,1.6
1998,New_Jersey,49826,163,1.6
1998,Maine,35640,163,1.6
1998,Arkansas,27665,163,1.6
1998,Virgina,43354,163,1.6
1998,New_Hampsire,44958,163,1.6
1998,Maryland,50016,163,1.6
1998,Arizona,37090,163,1.6
1998,Washington,47421,163,1.6
1998,Nevada,39756,163,1.6
1998,avgerage,38885,163,1.6
1998,Massachusetts,42345,163,1.6
1998,Alaska,50692,163,1.6
1998,West_Virgina,26704,163,1.6
1998,Nebraska,36413,163,1.6
1998,Michigan,41821,163,1.6
1998,Missouri,40201,163,1.6
1998,Alabama,36266,163,1.6
1998,Wisconsin,41327,163,1.6
1998,Montana,31577,163,1.6
1998,Hawaii,40827,163,1.6
1998,Pennsylvania,39015,163,1.6
1999,Montana,31038,166.6,2.2
1999,South_Dakota,35828,166.6,2.2
1999,New_Mexico,32574,166.6,2.2
1999,North_Dakota,32663,166.6,2.2
1999,Virgina,45693,166.6,2.2
1999,Arkansas,29682,166.6,2.2
1999,South_Carolina,36462,166.6,2.2
1999,Maine,38862,166.6,2.2
1999,New_Jersey,49734,166.6,2.2
1999,Hawaii,44504,166.6,2.2
1999,Delaware,46628,166.6,2.2
1999,Louisiana,32654,166.6,2.2
1999,Ohio,39489,166.6,2.2
1999,Vermont,41584,166.6,2.2
1999,California,43629,166.6,2.2
1999,Kansas,37348,166.6,2.2
1999,Wisconsin,45667,166.6,2.2
1999,Alabama,36251,166.6,2.2
1999,Michigan,46089,166.6,2.2
1999,New_York,39989,166.6,2.2
1999,North_Carolina,37254,166.6,2.2
1999,Nebraska,38626,166.6,2.2
1999,Rhode_Island,42719,166.6,2.2
1999,Missouri,41383,166.6,2.2
1999,Minnesota,47038,166.6,2.2
1999,Oklahoma,32683,166.6,2.2
1999,West_Virgina,29297,166.6,2.2
1999,Georgia,39425,166.6,2.2
1999,Kentucky,33738,166.6,2.2
1999,Alaska,51396,166.6,2.2
1999,Oregon,40619,166.6,2.2
1999,Pennsylvania,37758,166.6,2.2
1999,Mississippi,32478,166.6,2.2
1999,Massachusetts,44005,166.6,2.2
1999,Nevada,41461,166.6,2.2
1999,Idaho,35800,166.6,2.2
1999,Colorado,48177,166.6,2.2
1999,Iowa,41098,166.6,2.2
1999,Washington,45473,166.6,2.2
1999,Arizona,36995,166.6,2.2
1999,Illinois,46330,166.6,2.2
1999,Florida,35831,166.6,2.2
1999,Wyoming,37248,166.6,2.2
1999,Maryland,52205,166.6,2.2
1999,Tennessee,36522,166.6,2.2
1999,Utah,46050,166.6,2.2
1999,avgerage,40696,166.6,2.2
1999,Connecticut,50593,166.6,2.2
1999,District_of_Columbia,38670,166.6,2.2
1999,New_Hampsire,46055,166.6,2.2
1999,Texas,38688,166.6,2.2
1999,Indiana,40838,166.6,2.2
2000,Idaho,37611,172.2,3.4
2000,Connecticut,50172,172.2,3.4
2000,Texas,38609,172.2,3.4
2000,South_Dakota,36475,172.2,3.4
2000,Montana,32777,172.2,3.4
2000,New_York,40744,172.2,3.4
2000,Kentucky,36265,172.2,3.4
2000,Colorado,48240,172.2,3.4
2000,Utah,47550,172.2,3.4
2000,District_of_Columbia,41222,172.2,3.4
2000,Mississippi,34299,172.2,3.4
2000,Indiana,40865,172.2,3.4
2000,Oregon,42499,172.2,3.4
2000,New_Mexico,35093,172.2,3.4
2000,Louisiana,30718,172.2,3.4
2000,California,46816,172.2,3.4
2000,Vermont,39594,172.2,3.4
2000,Ohio,42962,172.2,3.4
2000,New_Jersey,50405,172.2,3.4
2000,avgerage,41990,172.2,3.4
2000,Maine,37266,172.2,3.4
2000,Hawaii,51546,172.2,3.4
2000,South_Carolina,37570,172.2,3.4
2000,Arkansas,29697,172.2,3.4
2000,Virgina,47163,172.2,3.4
2000,New_Hampsire,50926,172.2,3.4
2000,Maryland,54535,172.2,3.4
2000,Florida,38856,172.2,3.4
2000,Arizona,39783,172.2,3.4
2000,Washington,42525,172.2,3.4
2000,Illinois,46064,172.2,3.4
2000,Nevada,45758,172.2,3.4
2000,Pennsylvania,42176,172.2,3.4
2000,Massachusetts,46753,172.2,3.4
2000,Missouri,45097,172.2,3.4
2000,Oklahoma,32432,172.2,3.4
2000,Alaska,52847,172.2,3.4
2000,West_Virgina,29411,172.2,3.4
2000,Nebraska,41750,172.2,3.4
2000,Rhode_Island,42197,172.2,3.4
2000,Michigan,45512,172.2,3.4
2000,Wyoming,39629,172.2,3.4
2000,Alabama,35424,172.2,3.4
2000,Wisconsin,45088,172.2,3.4
2000,Delaware,50365,172.2,3.4
2000,Tennessee,34096,172.2,3.4
2000,Georgia,41901,172.2,3.4
2000,Iowa,40991,172.2,3.4
2000,North_Carolina,38317,172.2,3.4
2000,Kansas,41059,172.2,3.4
2000,Minnesota,54251,172.2,3.4
2000,North_Dakota,35996,172.2,3.4
2001,South_Carolina,37736,177.1,2.8
2001,Hawaii,47439,177.1,2.8
2001,Arkansas,33339,177.1,2.8
2001,Virgina,50241,177.1,2.8
2001,New_Mexico,33124,177.1,2.8
2001,Tennessee,35783,177.1,2.8
2001,New_Hampsire,51331,177.1,2.8
2001,Maryland,53530,177.1,2.8
2001,Utah,47342,177.1,2.8
2001,Florida,36421,177.1,2.8
2001,Texas,40860,177.1,2.8
2001,Connecticut,53347,177.1,2.8
2001,Arizona,42704,177.1,2.8
2001,Washington,42490,177.1,2.8
2001,Colorado,49397,177.1,2.8
2001,Pennsylvania,43499,177.1,2.8
2001,Illinois,46171,177.1,2.8
2001,Missouri,41339,177.1,2.8
2001,District_of_Columbia,41169,177.1,2.8
2001,Nevada,45403,177.1,2.8
2001,Iowa,40976,177.1,2.8
2001,Massachusetts,52253,177.1,2.8
2001,Wyoming,39719,177.1,2.8
2001,Oklahoma,35609,177.1,2.8
2001,Alaska,57363,177.1,2.8
2001,West_Virgina,29673,177.1,2.8
2001,Kentucky,38437,177.1,2.8
2001,New_York,42114,177.1,2.8
2001,North_Carolina,38162,177.1,2.8
2001,Nebraska,43611,177.1,2.8
2001,Michigan,45047,177.1,2.8
2001,Montana,32126,177.1,2.8
2001,Rhode_Island,45723,177.1,2.8
2001,Alabama,35160,177.1,2.8
2001,Wisconsin,45346,177.1,2.8
2001,Kansas,41415,177.1,2.8
2001,South_Dakota,39671,177.1,2.8
2001,Minnesota,52681,177.1,2.8
2001,Mississippi,30161,177.1,2.8
2001,Idaho,38241,177.1,2.8
2001,Georgia,42576,177.1,2.8
2001,California,47262,177.1,2.8
2001,Vermont,40794,177.1,2.8
2001,Indiana,40379,177.1,2.8
2001,Ohio,41785,177.1,2.8
2001,Oregon,41273,177.1,2.8
2001,Louisiana,33322,177.1,2.8
2001,New_Jersey,51771,177.1,2.8
2001,North_Dakota,35793,177.1,2.8
2001,Maine,36612,177.1,2.8
2001,Delaware,49602,177.1,2.8
2001,avgerage,42228,177.1,2.8
2002,Illinois,42710,179.9,1.6
2002,Delaware,49650,179.9,1.6
2002,Indiana,41047,179.9,1.6
2002,Nevada,44958,179.9,1.6
2002,New_Jersey,54568,179.9,1.6
2002,Massachusetts,49855,179.9,1.6
2002,Iowa,41049,179.9,1.6
2002,District_of_Columbia,39070,179.9,1.6
2002,California,47437,179.9,1.6
2002,Oklahoma,36458,179.9,1.6
2002,Montana,34835,179.9,1.6
2002,Alaska,52774,179.9,1.6
2002,West_Virgina,29359,179.9,1.6
2002,Vermont,42999,179.9,1.6
2002,North_Dakota,36200,179.9,1.6
2002,Idaho,37715,179.9,1.6
2002,Kentucky,36762,179.9,1.6
2002,avgerage,42409,179.9,1.6
2002,New_York,41966,179.9,1.6
2002,Maine,36853,179.9,1.6
2002,Minnesota,54622,179.9,1.6
2002,Nebraska,42796,179.9,1.6
2002,North_Carolina,36515,179.9,1.6
2002,Michigan,42715,179.9,1.6
2002,Ohio,42684,179.9,1.6
2002,Rhode_Island,42417,179.9,1.6
2002,New_Mexico,35457,179.9,1.6
2002,Oregon,41802,179.9,1.6
2002,Arkansas,32387,179.9,1.6
2002,Virgina,49631,179.9,1.6
2002,South_Dakota,37873,179.9,1.6
2002,Tennessee,37030,179.9,1.6
2002,Kansas,42619,179.9,1.6
2002,Hawaii,47303,179.9,1.6
2002,South_Carolina,37812,179.9,1.6
2002,Florida,38024,179.9,1.6
2002,Mississippi,30882,179.9,1.6
2002,Alabama,37603,179.9,1.6
2002,New_Hampsire,55321,179.9,1.6
2002,Maryland,56407,179.9,1.6
2002,Connecticut,53387,179.9,1.6
2002,Utah,47861,179.9,1.6
2002,Wisconsin,45903,179.9,1.6
2002,Missouri,42776,179.9,1.6
2002,Pennsylvania,42498,179.9,1.6
2002,Colorado,48294,179.9,1.6
2002,Arizona,39734,179.9,1.6
2002,Washington,45183,179.9,1.6
2002,Louisiana,34008,179.9,1.6
2002,Texas,40149,179.9,1.6
2002,Georgia,42939,179.9,1.6
2002,Wyoming,39763,179.9,1.6
2003,Maryland,52314,184,2.3
2003,Illinois,45153,184,2.3
2003,Pennsylvania,42933,184,2.3
2003,Georgia,42438,184,2.3
2003,Texas,39271,184,2.3
2003,Louisiana,33507,184,2.3
2003,North_Dakota,40410,184,2.3
2003,Alabama,37255,184,2.3
2003,Massachusetts,50955,184,2.3
2003,West_Virgina,32763,184,2.3
2003,South_Dakota,39522,184,2.3
2003,Arkansas,32002,184,2.3
2003,New_Jersey,56045,184,2.3
2003,District_of_Columbia,45044,184,2.3
2003,Nebraska,43974,184,2.3
2003,Arizona,41166,184,2.3
2003,Iowa,41384,184,2.3
2003,California,49300,184,2.3
2003,North_Carolina,37279,184,2.3
2003,Ohio,43520,184,2.3
2003,New_Hampsire,55567,184,2.3
2003,Connecticut,54965,184,2.3
2003,New_Mexico,35105,184,2.3
2003,Wyoming,42555,184,2.3
2003,Alaska,51837,184,2.3
2003,Nevada,45184,184,2.3
2003,Utah,49275,184,2.3
2003,New_York,42788,184,2.3
2003,Oklahoma,35902,184,2.3
2003,Maine,37113,184,2.3
2003,Washington,47508,184,2.3
2003,Mississippi,32728,184,2.3
2003,Kentucky,36936,184,2.3
2003,Wisconsin,46269,184,2.3
2003,Florida,38972,184,2.3
2003,South_Carolina,38479,184,2.3
2003,Colorado,49940,184,2.3
2003,Idaho,42372,184,2.3
2003,Missouri,43762,184,2.3
2003,Hawaii,51834,184,2.3
2003,Vermont,43261,184,2.3
2003,Tennessee,37523,184,2.3
2003,Indiana,42425,184,2.3
2003,Michigan,45022,184,2.3
2003,Montana,34108,184,2.3
2003,Minnesota,52823,184,2.3
2003,avgerage,43318,184,2.3
2003,Delaware,49019,184,2.3
2003,Rhode_Island,44711,184,2.3
2003,Virgina,54783,184,2.3
2003,Oregon,41638,184,2.3
2003,Kansas,44232,184,2.3
2004,Utah,50871,188.9,2.7
2004,avgerage,44334,188.9,2.7
2004,Alabama,36629,188.9,2.7
2004,Alaska,55063,188.9,2.7
2004,Arizona,43846,188.9,2.7
2004,Arkansas,34984,188.9,2.7
2004,California,49222,188.9,2.7
2004,Colorado,50886,188.9,2.7
2004,Connecticut,55100,188.9,2.7
2004,Delaware,48049,188.9,2.7
2004,District_of_Columbia,43451,188.9,2.7
2004,Florida,40535,188.9,2.7
2004,Georgia,40984,188.9,2.7
2004,Hawaii,56242,188.9,2.7
2004,Idaho,44358,188.9,2.7
2004,Illinois,46077,188.9,2.7
2004,Indiana,42329,188.9,2.7
2004,Iowa,43391,188.9,2.7
2004,Kansas,41066,188.9,2.7
2004,Kentucky,35610,188.9,2.7
2004,Louisiana,36429,188.9,2.7
2004,Maine,41329,188.9,2.7
2004,Maryland,57103,188.9,2.7
2004,Massachusetts,52019,188.9,2.7
2004,Michigan,42256,188.9,2.7
2004,Minnesota,56104,188.9,2.7
2004,Mississippi,34755,188.9,2.7
2004,Missouri,42137,188.9,2.7
2004,Montana,33956,188.9,2.7
2004,Nebraska,43786,188.9,2.7
2004,Nevada,47204,188.9,2.7
2004,New_Hampsire,56815,188.9,2.7
2004,New_Jersey,55275,188.9,2.7
2004,New_Mexico,39562,188.9,2.7
2004,New_York,44649,188.9,2.7
2004,North_Carolina,40238,188.9,2.7
2004,North_Dakota,39220,188.9,2.7
2004,Ohio,43055,188.9,2.7
2004,Oklahoma,39614,188.9,2.7
2004,Oregon,40994,188.9,2.7
2004,Pennsylvania,44106,188.9,2.7
2004,Rhode_Island,47935,188.9,2.7
2004,South_Carolina,38691,188.9,2.7
2004,South_Dakota,41107,188.9,2.7
2004,Tennessee,38072,188.9,2.7
2004,Texas,41397,188.9,2.7
2004,Vermont,47329,188.9,2.7
2004,Virgina,51141,188.9,2.7
2004,Washington,49922,188.9,2.7
2004,West_Virgina,33373,188.9,2.7
2004,Wisconsin,45732,188.9,2.7
2004,Wyoming,45397,188.9,2.7
2005,Connecticut,56835,195.3,3.4
2005,Colorado,50449,195.3,3.4
2005,Oklahoma,37645,195.3,3.4
2005,New_Hampsire,56984,195.3,3.4
2005,New_York,47176,195.3,3.4
2005,Arizona,45245,195.3,3.4
2005,Utah,54813,195.3,3.4
2005,Maryland,60512,195.3,3.4
2005,Nebraska,47923,195.3,3.4
2005,Washington,50646,195.3,3.4
2005,Louisiana,37236,195.3,3.4
2005,Michigan,45933,195.3,3.4
2005,Georgia,45926,195.3,3.4
2005,Wyoming,44718,195.3,3.4
2005,Delaware,51235,195.3,3.4
2005,Tennessee,39406,195.3,3.4
2005,Arkansas,36658,195.3,3.4
2005,Ohio,44203,195.3,3.4
2005,Minnesota,54215,195.3,3.4
2005,Maine,43923,195.3,3.4
2005,avgerage,46326,195.3,3.4
2005,South_Carolina,40230,195.3,3.4
2005,Florida,42990,195.3,3.4
2005,Rhode_Island,49484,195.3,3.4
2005,Kansas,42027,195.3,3.4
2005,Hawaii,59586,195.3,3.4
2005,Kentucky,36699,195.3,3.4
2005,Mississippi,32875,195.3,3.4
2005,Alaska,55891,195.3,3.4
2005,West_Virgina,36445,195.3,3.4
2005,North_Dakota,42192,195.3,3.4
2005,Vermont,50704,195.3,3.4
2005,New_Jersey,63368,195.3,3.4
2005,California,51755,195.3,3.4
2005,New_Mexico,38947,195.3,3.4
2005,South_Dakota,43151,195.3,3.4
2005,Montana,37313,195.3,3.4
2005,Missouri,42986,195.3,3.4
2005,District_of_Columbia,44993,195.3,3.4
2005,Idaho,44176,195.3,3.4
2005,Alabama,37150,195.3,3.4
2005,Texas,41422,195.3,3.4
2005,Wisconsin,44650,195.3,3.4
2005,Nevada,48209,195.3,3.4
2005,Pennsylvania,46300,195.3,3.4
2005,Iowa,46500,195.3,3.4
2005,Massachusetts,56017,195.3,3.4
2005,North_Carolina,42056,195.3,3.4
2005,Oregon,44159,195.3,3.4
2005,Virgina,51914,195.3,3.4
2005,Illinois,48398,195.3,3.4
2005,Indiana,42437,195.3,3.4
2006,Texas,43307,201.6,3.2
2006,Mississippi,34733,201.6,3.2
2006,Ohio,45900,201.6,3.2
2006,Arkansas,37057,201.6,3.2
2006,Arizona,46657,201.6,3.2
2006,Washington,54723,201.6,3.2
2006,Kentucky,39485,201.6,3.2
2006,Idaho,46213,201.6,3.2
2006,South_Dakota,45427,201.6,3.2
2006,New_Hampsire,61970,201.6,3.2
2006,Montana,41105,201.6,3.2
2006,District_of_Columbia,48477,201.6,3.2
2006,Maryland,63668,201.6,3.2
2006,Iowa,48126,201.6,3.2
2006,Pennsylvania,48477,201.6,3.2
2006,Georgia,49344,201.6,3.2
2006,Kansas,45552,201.6,3.2
2006,Vermont,51981,201.6,3.2
2006,North_Carolina,39797,201.6,3.2
2006,Illinois,48671,201.6,3.2
2006,Louisiana,36488,201.6,3.2
2006,Alabama,37952,201.6,3.2
2006,Wisconsin,51692,201.6,3.2
2006,Colorado,55697,201.6,3.2
2006,California,55319,201.6,3.2
2006,Delaware,52438,201.6,3.2
2006,Oklahoma,38838,201.6,3.2
2006,Oregon,47091,201.6,3.2
2006,Missouri,44579,201.6,3.2
2006,Nebraska,48145,201.6,3.2
2006,Utah,54628,201.6,3.2
2006,Michigan,48647,201.6,3.2
2006,Tennessee,40693,201.6,3.2
2006,Maine,45642,201.6,3.2
2006,South_Carolina,39617,201.6,3.2
2006,Florida,45676,201.6,3.2
2006,Connecticut,62404,201.6,3.2
2006,Wyoming,47041,201.6,3.2
2006,Minnesota,56211,201.6,3.2
2006,Alaska,56418,201.6,3.2
2006,West_Virgina,38419,201.6,3.2
2006,Rhode_Island,53736,201.6,3.2
2006,New_Jersey,68059,201.6,3.2
2006,New_Mexico,40028,201.6,3.2
2006,avgerage,48201,201.6,3.2
2006,North_Dakota,41047,201.6,3.2
2006,Nevada,52282,201.6,3.2
2006,Virgina,57119,201.6,3.2
2006,Indiana,45407,201.6,3.2
2006,Massachusetts,55330,201.6,3.2
2006,New_York,48222,201.6,3.2
2006,Hawaii,60470,201.6,3.2
2007,North_Carolina,43513,207.3,2.9
2007,Texas,46053,207.3,2.9
2007,Colorado,61141,207.3,2.9
2007,Utah,53529,207.3,2.9
2007,Connecticut,64141,207.3,2.9
2007,Minnesota,58058,207.3,2.9
2007,New_York,48944,207.3,2.9
2007,Kentucky,39452,207.3,2.9
2007,Georgia,48641,207.3,2.9
2007,Illinois,52506,207.3,2.9
2007,Alabama,42212,207.3,2.9
2007,Wisconsin,51277,207.3,2.9
2007,avgerage,50233,207.3,2.9
2007,Nebraska,49174,207.3,2.9
2007,Oregon,50236,207.3,2.9
2007,Oklahoma,43216,207.3,2.9
2007,Michigan,49370,207.3,2.9
2007,South_Carolina,44213,207.3,2.9
2007,Idaho,49184,207.3,2.9
2007,Alaska,62993,207.3,2.9
2007,West_Virgina,42091,207.3,2.9
2007,Florida,45794,207.3,2.9
2007,Mississippi,37279,207.3,2.9
2007,Indiana,47453,207.3,2.9
2007,Hawaii,64022,207.3,2.9
2007,Nevada,54058,207.3,2.9
2007,Massachusetts,58463,207.3,2.9
2007,Ohio,49099,207.3,2.9
2007,Arizona,47215,207.3,2.9
2007,Washington,58080,207.3,2.9
2007,South_Dakota,46418,207.3,2.9
2007,New_Hampsire,67576,207.3,2.9
2007,Wyoming,48744,207.3,2.9
2007,Maryland,65630,207.3,2.9
2007,District_of_Columbia,50783,207.3,2.9
2007,Iowa,48908,207.3,2.9
2007,Pennsylvania,48437,207.3,2.9
2007,Arkansas,40795,207.3,2.9
2007,Virgina,59161,207.3,2.9
2007,North_Dakota,47205,207.3,2.9
2007,New_Jersey,60508,207.3,2.9
2007,Tennessee,41195,207.3,2.9
2007,Maine,47894,207.3,2.9
2007,Montana,43655,207.3,2.9
2007,Delaware,54589,207.3,2.9
2007,California,55734,207.3,2.9
2007,Vermont,47390,207.3,2.9
2007,Rhode_Island,54210,207.3,2.9
2007,Kansas,48497,207.3,2.9
2007,Missouri,46005,207.3,2.9
2007,New_Mexico,44356,207.3,2.9
2007,Louisiana,41313,207.3,2.9
2008,Nevada,54744,215.3,3.8
2008,Indiana,46520,215.3,3.8
2008,Minnesota,54925,215.3,3.8
2008,North_Dakota,49631,215.3,3.8
2008,Tennessee,39702,215.3,3.8
2008,Florida,44857,215.3,3.8
2008,New_Jersey,65306,215.3,3.8
2008,New_York,50461,215.3,3.8
2008,Hawaii,61521,215.3,3.8
2008,West_Virgina,37994,215.3,3.8
2008,Alaska,63989,215.3,3.8
2008,New_Mexico,42102,215.3,3.8
2008,Mississippi,36446,215.3,3.8
2008,South_Carolina,42155,215.3,3.8
2008,Louisiana,39563,215.3,3.8
2008,Maine,47228,215.3,3.8
2008,Kentucky,41148,215.3,3.8
2008,Oklahoma,46111,215.3,3.8
2008,Oregon,51727,215.3,3.8
2008,Michigan,49788,215.3,3.8
2008,Nebraska,50728,215.3,3.8
2008,Idaho,47420,215.3,3.8
2008,Connecticut,64682,215.3,3.8
2008,Delaware,50702,215.3,3.8
2008,Kansas,47877,215.3,3.8
2008,Rhode_Island,53241,215.3,3.8
2008,California,57014,215.3,3.8
2008,Utah,62537,215.3,3.8
2008,Wisconsin,51200,215.3,3.8
2008,Alabama,44476,215.3,3.8
2008,avgerage,50303,215.3,3.8
2008,Illinois,53254,215.3,3.8
2008,Colorado,60943,215.3,3.8
2008,Vermont,50706,215.3,3.8
2008,Missouri,46038,215.3,3.8
2008,District_of_Columbia,55590,215.3,3.8
2008,Iowa,50142,215.3,3.8
2008,Texas,46490,215.3,3.8
2008,Maryland,63711,215.3,3.8
2008,New_Hampsire,66176,215.3,3.8
2008,Washington,56631,215.3,3.8
2008,Arizona,46914,215.3,3.8
2008,North_Carolina,42930,215.3,3.8
2008,Arkansas,39586,215.3,3.8
2008,Montana,42900,215.3,3.8
2008,South_Dakota,51600,215.3,3.8
2008,Ohio,46934,215.3,3.8
2008,Massachusetts,60320,215.3,3.8
2008,Wyoming,53337,215.3,3.8
2008,Georgia,46227,215.3,3.8
2008,Virgina,61985,215.3,3.8
2008,Pennsylvania,51402,215.3,3.8
2009,Mississippi,35078,214.5,-0.4
2009,Idaho,46778,214.5,-0.4
2009,Hawaii,55649,214.5,-0.4
2009,avgerage,49777,214.5,-0.4
2009,Pennsylvania,48172,214.5,-0.4
2009,Minnesota,56090,214.5,-0.4
2009,Alabama,39980,214.5,-0.4
2009,Wisconsin,51237,214.5,-0.4
2009,Nebraska,49595,214.5,-0.4
2009,Wyoming,52470,214.5,-0.4
2009,Michigan,45994,214.5,-0.4
2009,Alaska,61604,214.5,-0.4
2009,West_Virgina,40490,214.5,-0.4
2009,Nevada,51434,214.5,-0.4
2009,Massachusetts,59373,214.5,-0.4
2009,Arizona,45739,214.5,-0.4
2009,Washington,60392,214.5,-0.4
2009,New_Hampsire,64131,214.5,-0.4
2009,Maryland,64186,214.5,-0.4
2009,Arkansas,36538,214.5,-0.4
2009,Virgina,60501,214.5,-0.4
2009,New_Jersey,64777,214.5,-0.4
2009,Maine,47502,214.5,-0.4
2009,California,56134,214.5,-0.4
2009,Vermont,52318,214.5,-0.4
2009,New_Mexico,43542,214.5,-0.4
2009,Louisiana,45433,214.5,-0.4
2009,Colorado,55930,214.5,-0.4
2009,Utah,58491,214.5,-0.4
2009,Missouri,48769,214.5,-0.4
2009,New_York,50216,214.5,-0.4
2009,Kentucky,42664,214.5,-0.4
2009,Connecticut,64851,214.5,-0.4
2009,Texas,47475,214.5,-0.4
2009,North_Carolina,41906,214.5,-0.4
2009,Kansas,44717,214.5,-0.4
2009,Delaware,52114,214.5,-0.4
2009,Tennessee,40517,214.5,-0.4
2009,North_Dakota,50075,214.5,-0.4
2009,Iowa,50721,214.5,-0.4
2009,District_of_Columbia,53141,214.5,-0.4
2009,South_Dakota,45826,214.5,-0.4
2009,Ohio,45879,214.5,-0.4
2009,Indiana,44305,214.5,-0.4
2009,Florida,45631,214.5,-0.4
2009,South_Carolina,41101,214.5,-0.4
2009,Montana,40437,214.5,-0.4
2009,Oklahoma,45878,214.5,-0.4
2009,Illinois,52870,214.5,-0.4
2009,Georgia,43340,214.5,-0.4
2009,Rhode_Island,51634,214.5,-0.4
2009,Oregon,49098,214.5,-0.4
2010,Oklahoma,43103,218.1,1.6
2010,Iowa,49016,218.1,1.6
2010,Missouri,45817,218.1,1.6
2010,South_Carolina,41698,218.1,1.6
2010,Louisiana,39300,218.1,1.6
2010,North_Carolina,43830,218.1,1.6
2010,District_of_Columbia,56928,218.1,1.6
2010,Delaware,55214,218.1,1.6
2010,New_Mexico,45134,218.1,1.6
2010,Maryland,64201,218.1,1.6
2010,Utah,56701,218.1,1.6
2010,New_Hampsire,66633,218.1,1.6
2010,Alaska,57848,218.1,1.6
2010,Kentucky,41104,218.1,1.6
2010,West_Virgina,42777,218.1,1.6
2010,Washington,56163,218.1,1.6
2010,Arizona,46896,218.1,1.6
2010,Oregon,50602,218.1,1.6
2010,South_Dakota,45352,218.1,1.6
2010,Minnesota,52321,218.1,1.6
2010,Florida,44066,218.1,1.6
2010,Montana,41280,218.1,1.6
2010,New_York,49781,218.1,1.6
2010,Ohio,45886,218.1,1.6
2010,Idaho,47050,218.1,1.6
2010,avgerage,49276,218.1,1.6
2010,Indiana,46139,218.1,1.6
2010,Hawaii,59539,218.1,1.6
2010,Nevada,51200,218.1,1.6
2010,Maine,47931,218.1,1.6
2010,Massachusetts,60934,218.1,1.6
2010,Wyoming,52201,218.1,1.6
2010,New_Jersey,62968,218.1,1.6
2010,Connecticut,65998,218.1,1.6
2010,Tennessee,38591,218.1,1.6
2010,Vermont,55928,218.1,1.6
2010,Mississippi,38160,218.1,1.6
2010,Georgia,44117,218.1,1.6
2010,Illinois,50728,218.1,1.6
2010,California,54283,218.1,1.6
2010,North_Dakota,51006,218.1,1.6
2010,Rhode_Island,51623,218.1,1.6
2010,Pennsylvania,48314,218.1,1.6
2010,Alabama,40933,218.1,1.6
2010,Virgina,60367,218.1,1.6
2010,Arkansas,38587,218.1,1.6
2010,Kansas,46054,218.1,1.6
2010,Wisconsin,50351,218.1,1.6
2010,Texas,47266,218.1,1.6
2010,Nebraska,52504,218.1,1.6
2010,Colorado,60233,218.1,1.6
2010,Michigan,46276,218.1,1.6
2011,South_Carolina,40084,224.9,3.2
2011,Texas,49047,224.9,3.2
2011,Missouri,45774,224.9,3.2
2011,North_Carolina,45206,224.9,3.2
2011,Louisiana,40658,224.9,3.2
2011,Vermont,51862,224.9,3.2
2011,New_Mexico,41982,224.9,3.2
2011,Kansas,46147,224.9,3.2
2011,Mississippi,41090,224.9,3.2
2011,Delaware,54660,224.9,3.2
2011,Pennsylvania,49910,224.9,3.2
2011,California,53367,224.9,3.2
2011,Maine,49693,224.9,3.2
2011,Virgina,62616,224.9,3.2
2011,Idaho,47459,224.9,3.2
2011,Tennessee,42279,224.9,3.2
2011,North_Dakota,56361,224.9,3.2
2011,New_Jersey,62338,224.9,3.2
2011,Arkansas,41302,224.9,3.2
2011,Wyoming,54509,224.9,3.2
2011,Iowa,50219,224.9,3.2
2011,Montana,40277,224.9,3.2
2011,District_of_Columbia,55251,224.9,3.2
2011,Oregon,51526,224.9,3.2
2011,Maryland,68876,224.9,3.2
2011,Washington,56850,224.9,3.2
2011,New_Hampsire,65880,224.9,3.2
2011,South_Dakota,47223,224.9,3.2
2011,Ohio,44648,224.9,3.2
2011,Arizona,48621,224.9,3.2
2011,Massachusetts,63313,224.9,3.2
2011,West_Virgina,41821,224.9,3.2
2011,Nevada,47043,224.9,3.2
2011,Indiana,44445,224.9,3.2
2011,Florida,45105,224.9,3.2
2011,Hawaii,59047,224.9,3.2
2011,Alaska,57431,224.9,3.2
2011,avgerage,50054,224.9,3.2
2011,Michigan,48879,224.9,3.2
2011,Oklahoma,48455,224.9,3.2
2011,Rhode_Island,49033,224.9,3.2
2011,Wisconsin,52058,224.9,3.2
2011,Nebraska,55616,224.9,3.2
2011,Alabama,42590,224.9,3.2
2011,Illinois,50637,224.9,3.2
2011,Georgia,45973,224.9,3.2
2011,Minnesota,57820,224.9,3.2
2011,Utah,55493,224.9,3.2
2011,Kentucky,39856,224.9,3.2
2011,Connecticut,65415,224.9,3.2
2011,New_York,50636,224.9,3.2
2011,Colorado,58629,224.9,3.2
2012,Kansas,50003,229.6,2.1
2012,Hawaii,56263,229.6,2.1
2012,Iowa,53442,229.6,2.1
2012,Rhode_Island,56065,229.6,2.1
2012,Oklahoma,48407,229.6,2.1
2012,Connecticut,64247,229.6,2.1
2012,Oregon,51775,229.6,2.1
2012,Vermont,55582,229.6,2.1
2012,Maryland,71836,229.6,2.1
2012,New_Mexico,43424,229.6,2.1
2012,Washington,62187,229.6,2.1
2012,Delaware,48972,229.6,2.1
2012,Nebraska,52196,229.6,2.1
2012,Arkansas,39018,229.6,2.1
2012,District_of_Columbia,65246,229.6,2.1
2012,New_Jersey,66692,229.6,2.1
2012,Louisiana,39085,229.6,2.1
2012,Alabama,43464,229.6,2.1
2012,Pennsylvania,51904,229.6,2.1
2012,North_Dakota,55766,229.6,2.1
2012,New_York,47680,229.6,2.1
2012,Illinois,51738,229.6,2.1
2012,Wyoming,57512,229.6,2.1
2012,South_Carolina,44401,229.6,2.1
2012,Georgia,48121,229.6,2.1
2012,Texas,51926,229.6,2.1
2012,Montana,45088,229.6,2.1
2012,Idaho,47922,229.6,2.1
2012,Tennessee,42995,229.6,2.1
2012,Minnesota,61795,229.6,2.1
2012,North_Carolina,41553,229.6,2.1
2012,South_Dakota,49415,229.6,2.1
2012,Utah,58341,229.6,2.1
2012,Massachusetts,63656,229.6,2.1
2012,Missouri,49764,229.6,2.1
2012,West_Virgina,43553,229.6,2.1
2012,Arizona,47044,229.6,2.1
2012,Maine,49158,229.6,2.1
2012,Indiana,46158,229.6,2.1
2012,Ohio,44375,229.6,2.1
2012,Florida,46071,229.6,2.1
2012,Virgina,64632,229.6,2.1
2012,Mississippi,36641,229.6,2.1
2012,California,57020,229.6,2.1
2012,Nevada,47333,229.6,2.1
2012,New_Hampsire,67819,229.6,2.1
2012,avgerage,51017,229.6,2.1
2012,Colorado,57255,229.6,2.1
2012,Kentucky,41086,229.6,2.1
2012,Alaska,63648,229.6,2.1
2012,Wisconsin,53079,229.6,2.1
2012,Michigan,50015,229.6,2.1
2013,Ohio,46398,233,1.5
2013,Mississippi,40850,233,1.5
2013,Montana,44132,233,1.5
2013,Minnesota,60907,233,1.5
2013,Nebraska,53774,233,1.5
2013,Michigan,48801,233,1.5
2013,Nevada,45369,233,1.5
2013,Massachusetts,62963,233,1.5
2013,New_Hampsire,71322,233,1.5
2013,Maryland,65262,233,1.5
2013,New_Jersey,61782,233,1.5
2013,Maine,50121,233,1.5
2013,New_Mexico,42127,233,1.5
2013,Louisiana,39622,233,1.5
2013,New_York,53843,233,1.5
2013,Kentucky,42158,233,1.5
2013,North_Carolina,41208,233,1.5
2013,Kansas,51485,233,1.5
2013,North_Dakota,52888,233,1.5
2013,Iowa,54855,233,1.5
2013,Indiana,50553,233,1.5
2013,Oklahoma,43777,233,1.5
2013,Illinois,57196,233,1.5
2013,Oregon,56307,233,1.5
2013,Idaho,51767,233,1.5
2013,Pennsylvania,53952,233,1.5
2013,Hawaii,61408,233,1.5
2013,Rhode_Island,57812,233,1.5
2013,Georgia,47439,233,1.5
2013,South_Carolina,43749,233,1.5
2013,Florida,47886,233,1.5
2013,South_Dakota,54453,233,1.5
2013,District_of_Columbia,60675,233,1.5
2013,Tennessee,42499,233,1.5
2013,avgerage,51939,233,1.5
2013,Delaware,52219,233,1.5
2013,Texas,53027,233,1.5
2013,Connecticut,67781,233,1.5
2013,Utah,62967,233,1.5
2013,Colorado,63371,233,1.5
2013,Vermont,54842,233,1.5
2013,California,57528,233,1.5
2013,Virgina,67620,233,1.5
2013,Arkansas,39919,233,1.5
2013,Washington,60106,233,1.5
2013,Arizona,50602,233,1.5
2013,West_Virgina,40241,233,1.5
2013,Alaska,61137,233,1.5
2013,Wisconsin,55258,233,1.5
2013,Alabama,41381,233,1.5
2013,Wyoming,55700,233,1.5
2013,Missouri,50311,233,1.5
2014,Washington,59068,236.7,1.6
2014,Colorado,60940,236.7,1.6
2014,New_Hampsire,73397,236.7,1.6
2014,Maine,51710,236.7,1.6
2014,Mississippi,35521,236.7,1.6
2014,Indiana,48060,236.7,1.6
2014,Rhode_Island,58633,236.7,1.6
2014,Florida,46140,236.7,1.6
2014,Tennessee,43716,236.7,1.6
2014,New_Jersey,65243,236.7,1.6
2014,Alaska,67629,236.7,1.6
2014,California,60487,236.7,1.6
2014,Oregon,58875,236.7,1.6
2014,Pennsylvania,55173,236.7,1.6
2014,Montana,51102,236.7,1.6
2014,Wyoming,55690,236.7,1.6
2014,Maryland,76165,236.7,1.6
2014,Texas,53875,236.7,1.6
2014,New_Mexico,46686,236.7,1.6
2014,Missouri,56630,236.7,1.6
2014,West_Virgina,39552,236.7,1.6
2014,South_Dakota,53053,236.7,1.6
2014,Minnesota,67244,236.7,1.6
2014,South_Carolina,44929,236.7,1.6
2014,Ohio,49644,236.7,1.6
2014,Louisiana,42406,236.7,1.6
2014,Illinois,54916,236.7,1.6
2014,New_York,54310,236.7,1.6
2014,Utah,63383,236.7,1.6
2014,Vermont,60708,236.7,1.6
2014,Oklahoma,47199,236.7,1.6
2014,North_Carolina,46784,236.7,1.6
2014,Virgina,66155,236.7,1.6
2014,Kansas,53444,236.7,1.6
2014,Connecticut,70161,236.7,1.6
2014,Hawaii,71223,236.7,1.6
2014,Kentucky,42786,236.7,1.6
2014,Arizona,49254,236.7,1.6
2014,Idaho,53438,236.7,1.6
2014,Iowa,57810,236.7,1.6
2014,North_Dakota,60730,236.7,1.6
2014,Georgia,49555,236.7,1.6
2014,District_of_Columbia,68277,236.7,1.6
2014,Arkansas,44922,236.7,1.6
2014,Massachusetts,63151,236.7,1.6
2014,Wisconsin,58080,236.7,1.6
2014,Michigan,52005,236.7,1.6
2014,avgerage,53657,236.7,1.6
2014,Nevada,49875,236.7,1.6
2014,Delaware,57522,236.7,1.6
2014,Alabama,42278,236.7,1.6
2014,Nebraska,56870,236.7,1.6
2015,Nevada,52008,237,0.1
2015,Rhode_Island,55701,237,0.1
2015,Tennessee,47330,237,0.1
2015,North_Dakota,57415,237,0.1
2015,Washington,67243,237,0.1
2015,North_Carolina,50797,237,0.1
2015,Nebraska,60474,237,0.1
2015,Minnesota,68730,237,0.1
2015,Massachusetts,67861,237,0.1
2015,Texas,56473,237,0.1
2015,Kansas,54865,237,0.1
2015,Hawaii,64514,237,0.1
2015,Delaware,57756,237,0.1
2015,New_Hampsire,75675,237,0.1
2015,New_Jersey,68357,237,0.1
2015,California,63636,237,0.1
2015,Maine,50756,237,0.1
2015,avgerage,56516,237,0.1
2015,New_Mexico,45119,237,0.1
2015,Maryland,73594,237,0.1
2015,South_Carolina,46360,237,0.1
2015,Oklahoma,47077,237,0.1
2015,Vermont,59494,237,0.1
2015,Georgia,50768,237,0.1
2015,Michigan,54203,237,0.1
2015,Pennsylvania,60389,237,0.1
2015,Colorado,66596,237,0.1
2015,Louisiana,45922,237,0.1
2015,Arkansas,42798,237,0.1
2015,Indiana,51983,237,0.1
2015,Florida,48825,237,0.1
2015,Alaska,75112,237,0.1
2015,Mississippi,40037,237,0.1
2015,Oregon,60834,237,0.1
2015,Illinois,60413,237,0.1
2015,New_York,58005,237,0.1
2015,Virgina,61486,237,0.1
2015,South_Dakota,55065,237,0.1
2015,Wyoming,60925,237,0.1
2015,Ohio,53301,237,0.1
2015,Idaho,51624,237,0.1
2015,West_Virgina,42824,237,0.1
2015,Arizona,52248,237,0.1
2015,Utah,66258,237,0.1
2015,Wisconsin,55425,237,0.1
2015,Connecticut,72889,237,0.1
2015,Montana,51395,237,0.1
2015,Iowa,60855,237,0.1
2015,Kentucky,42387,237,0.1
2015,Missouri,59196,237,0.1
2015,District_of_Columbia,70071,237,0.1
2015,Alabama,44509,237,0.1
2016,West_Virgina,44354,240,1.3
2016,Maryland,73760,240,1.3
2016,Arkansas,45907,240,1.3
2016,Arizona,57100,240,1.3
2016,Washington,70310,240,1.3
2016,Massachusetts,72266,240,1.3
2016,New_Hampsire,76260,240,1.3
2016,South_Carolina,54336,240,1.3
2016,Oklahoma,50943,240,1.3
2016,Pennsylvania,60979,240,1.3
2016,Indiana,56094,240,1.3
2016,Florida,51176,240,1.3
2016,South_Dakota,57450,240,1.3
2016,Missouri,55016,240,1.3
2016,Ohio,53985,240,1.3
2016,Oregon,59135,240,1.3
2016,Wyoming,57829,240,1.3
2016,Iowa,59094,240,1.3
2016,District_of_Columbia,70982,240,1.3
2016,Alabama,47221,240,1.3
2016,Rhode_Island,61528,240,1.3
2016,Tennessee,51344,240,1.3
2016,North_Dakota,60184,240,1.3
2016,Mississippi,41099,240,1.3
2016,Minnesota,70218,240,1.3
2016,Hawaii,72133,240,1.3
2016,Kansas,56810,240,1.3
2016,Delaware,58046,240,1.3
2016,Nebraska,59374,240,1.3
2016,Texas,58146,240,1.3
2016,North_Carolina,53764,240,1.3
2016,Kentucky,45369,240,1.3
2016,Connecticut,75923,240,1.3
2016,Wisconsin,59817,240,1.3
2016,Illinois,61386,240,1.3
2016,Utah,67481,240,1.3
2016,Montana,57075,240,1.3
2016,New_York,61437,240,1.3
2016,Alaska,75723,240,1.3
2016,Louisiana,42196,240,1.3
2016,Colorado,70566,240,1.3
2016,Michigan,57091,240,1.3
2016,Vermont,60837,240,1.3
2016,New_Mexico,48451,240,1.3
2016,Georgia,53527,240,1.3
2016,Nevada,55431,240,1.3
2016,Maine,50856,240,1.3
2016,California,66637,240,1.3
2016,Virgina,66451,240,1.3
2016,New_Jersey,68468,240,1.3
2016,Idaho,56564,240,1.3
2016,avgerage,59039,240,1.3
2017,Ohio,60688,245.1,2.1
2017,Kentucky,49672,245.1,2.1
2017,Alabama,50865,245.1,2.1
2017,Iowa,63467,245.1,2.1
2017,Oregon,62498,245.1,2.1
2017,Washington,71540,245.1,2.1
2017,Connecticut,74304,245.1,2.1
2017,Illinois,65969,245.1,2.1
2017,Wisconsin,63482,245.1,2.1
2017,Utah,69789,245.1,2.1
2017,Wyoming,59536,245.1,2.1
2017,District_of_Columbia,81282,245.1,2.1
2017,South_Dakota,56914,245.1,2.1
2017,Virgina,70811,245.1,2.1
2017,New_York,61543,245.1,2.1
2017,Alaska,77987,245.1,2.1
2017,Florida,53086,245.1,2.1
2017,Missouri,56530,245.1,2.1
2017,Louisiana,43565,245.1,2.1
2017,Arkansas,49751,245.1,2.1
2017,Indiana,58767,245.1,2.1
2017,Montana,57407,245.1,2.1
2017,Arizona,59700,245.1,2.1
2017,Colorado,74984,245.1,2.1
2017,Pennsylvania,61285,245.1,2.1
2017,Maryland,82093,245.1,2.1
2017,Michigan,56405,245.1,2.1
2017,Vermont,63682,245.1,2.1
2017,Oklahoma,51882,245.1,2.1
2017,Massachusetts,76243,245.1,2.1
2017,Idaho,59497,245.1,2.1
2017,New_Mexico,45601,245.1,2.1
2017,avgerage,61136,245.1,2.1
2017,Nevada,58041,245.1,2.1
2017,Georgia,57985,245.1,2.1
2017,Maine,53316,245.1,2.1
2017,West_Virgina,46957,245.1,2.1
2017,South_Carolina,54537,245.1,2.1
2017,New_Hampsire,75630,245.1,2.1
2017,Delaware,64961,245.1,2.1
2017,Rhode_Island,65401,245.1,2.1
2017,Nebraska,59583,245.1,2.1
2017,New_Jersey,71240,245.1,2.1
2017,Texas,60092,245.1,2.1
2017,California,70038,245.1,2.1
2017,Kansas,56900,245.1,2.1
2017,Minnesota,69975,245.1,2.1
2017,Hawaii,73599,245.1,2.1
2017,North_Dakota,60167,245.1,2.1
2017,North_Carolina,49547,245.1,2.1
2017,Tennessee,55306,245.1,2.1
2017,Mississippi,43281,245.1,2.1
2018,Oklahoma,54434,251.1,2.4
2018,Illinois,70145,251.1,2.4
2018,Kentucky,54555,251.1,2.4
2018,Vermont,70066,251.1,2.4
2018,Rhode_Island,62266,251.1,2.4
2018,Oregon,69165,251.1,2.4
2018,Maryland,86223,251.1,2.4
2018,Iowa,68718,251.1,2.4
2018,Kansas,63938,251.1,2.4
2018,Alabama,49936,251.1,2.4
2018,Idaho,58728,251.1,2.4
2018,Montana,57679,251.1,2.4
2018,Connecticut,72812,251.1,2.4
2018,Missouri,61726,251.1,2.4
2018,Wyoming,62539,251.1,2.4
2018,Washington,79726,251.1,2.4
2018,Michigan,60449,251.1,2.4
2018,South_Carolina,57444,251.1,2.4
2018,Utah,77067,251.1,2.4
2018,Massachusetts,86345,251.1,2.4
2018,Arkansas,49781,251.1,2.4
2018,Delaware,65012,251.1,2.4
2018,Ohio,61633,251.1,2.4
2018,Virgina,77151,251.1,2.4
2018,Wisconsin,62629,251.1,2.4
2018,Alaska,68734,251.1,2.4
2018,North_Carolina,53369,251.1,2.4
2018,Nebraska,67575,251.1,2.4
2018,New_Mexico,48283,251.1,2.4
2018,Arizona,62283,251.1,2.4
2018,New_York,67274,251.1,2.4
2018,South_Dakota,59463,251.1,2.4
2018,District_of_Columbia,85750,251.1,2.4
2018,New_Jersey,74176,251.1,2.4
2018,Florida,54644,251.1,2.4
2018,avgerage,63179,251.1,2.4
2018,Mississippi,42781,251.1,2.4
2018,Nevada,61864,251.1,2.4
2018,Louisiana,49973,251.1,2.4
2018,North_Dakota,66505,251.1,2.4
2018,West_Virgina,50573,251.1,2.4
2018,Minnesota,71817,251.1,2.4
2018,Maine,58663,251.1,2.4
2018,Indiana,59892,251.1,2.4
2018,Hawaii,80108,251.1,2.4
2018,Texas,59785,251.1,2.4
2018,Tennessee,56060,251.1,2.4
2018,Colorado,73034,251.1,2.4
2018,California,70489,251.1,2.4
2018,Pennsylvania,64524,251.1,2.4
2018,Georgia,55821,251.1,2.4
2018,New_Hampsire,81346,251.1,2.4
2019,avgerage,68703,255.7,1.8
2019,Oregon,74413,255.7,1.8
2019,Illinois,74399,255.7,1.8
2019,Missouri,60597,255.7,1.8
2019,Georgia,56628,255.7,1.8
2019,South_Carolina,62028,255.7,1.8
2019,Oklahoma,59397,255.7,1.8
2019,Indiana,66693,255.7,1.8
2019,Florida,58368,255.7,1.8
2019,South_Dakota,64255,255.7,1.8
2019,Ohio,64663,255.7,1.8
2019,Iowa,66054,255.7,1.8
2019,District_of_Columbia,93111,255.7,1.8
2019,Tennessee,56627,255.7,1.8
2019,North_Dakota,70031,255.7,1.8
2019,Kansas,73151,255.7,1.8
2019,Delaware,74194,255.7,1.8
2019,Texas,67444,255.7,1.8
2019,North_Carolina,61159,255.7,1.8
2019,Kentucky,55662,255.7,1.8
2019,Connecticut,87291,255.7,1.8
2019,Utah,84523,255.7,1.8
2019,New_York,71855,255.7,1.8
2019,Louisiana,51707,255.7,1.8
2019,Colorado,72499,255.7,1.8
2019,Vermont,74305,255.7,1.8
2019,New_Mexico,53113,255.7,1.8
2019,Maine,66546,255.7,1.8
2019,Montana,60195,255.7,1.8
2019,California,78105,255.7,1.8
2019,Virgina,81313,255.7,1.8
2019,New_Jersey,87726,255.7,1.8
2019,Maryland,95572,255.7,1.8
2019,Arkansas,54539,255.7,1.8
2019,Washington,82454,255.7,1.8
2019,New_Hampsire,86900,255.7,1.8
2019,Massachusetts,87707,255.7,1.8
2019,Arizona,70674,255.7,1.8
2019,West_Virgina,53706,255.7,1.8
2019,Mississippi,44787,255.7,1.8
2019,Nevada,70906,255.7,1.8
2019,Michigan,64119,255.7,1.8
2019,Alaska,78394,255.7,1.8
2019,Wisconsin,67355,255.7,1.8
2019,Nebraska,73071,255.7,1.8
2019,Minnesota,81426,255.7,1.8
2019,Alabama,56200,255.7,1.8
2019,Wyoming,65134,255.7,1.8
2019,Pennsylvania,70582,255.7,1.8
2019,Idaho,65988,255.7,1.8
2019,Hawaii,88006,255.7,1.8
2019,Rhode_Island,70151,255.7,1.8
2020,South_Carolina,60341,258.8,1.2
2020,Nebraska,72248,258.8,1.2
2020,New_York,68659,258.8,1.2
2020,Minnesota,78753,258.8,1.2
2020,New_Mexico,50906,258.8,1.2
2020,Georgia,59265,258.8,1.2
2020,Kansas,73082,258.8,1.2
2020,avgerage,68010,258.8,1.2
2020,Virgina,82214,258.8,1.2
2020,North_Dakota,64115,258.8,1.2
2020,Tennessee,54975,258.8,1.2
2020,Alaska,74746,258.8,1.2
2020,District_of_Columbia,88218,258.8,1.2
2020,New_Jersey,85549,258.8,1.2
2020,Iowa,68816,258.8,1.2
2020,Missouri,62178,258.8,1.2
2020,Alabama,54689,258.8,1.2
2020,Wisconsin,67405,258.8,1.2
2020,Wyoming,65450,258.8,1.2
2020,Hawaii,80825,258.8,1.2
2020,Oregon,76855,258.8,1.2
2020,Nevada,61164,258.8,1.2
2020,Ohio,60379,258.8,1.2
2020,Utah,83993,258.8,1.2
2020,South_Dakota,70189,258.8,1.2
2020,Montana,56741,258.8,1.2
2020,Florida,57763,258.8,1.2
2020,Indiana,66805,258.8,1.2
2020,Connecticut,79432,258.8,1.2
2020,Kentucky,56755,258.8,1.2
2020,Oklahoma,52471,258.8,1.2
2020,Michigan,64392,258.8,1.2
2020,Illinois,74334,258.8,1.2
2020,Pennsylvania,70789,258.8,1.2
2020,California,77652,258.8,1.2
2020,Idaho,66725,258.8,1.2
2020,North_Carolina,60430,258.8,1.2
2020,Massachusetts,87812,258.8,1.2
2020,Rhode_Island,80175,258.8,1.2
2020,New_Hampsire,88894,258.8,1.2
2020,Vermont,67257,258.8,1.2
2020,Texas,68404,258.8,1.2
2020,Maine,63693,258.8,1.2
2020,Mississippi,45134,258.8,1.2
2020,Washington,81358,258.8,1.2
2020,Delaware,70022,258.8,1.2
2020,Arkansas,50777,258.8,1.2
2020,Colorado,83777,258.8,1.2
2020,Maryland,94789,258.8,1.2
2020,Louisiana,51186,258.8,1.2
2020,Arizona,67088,258.8,1.2
2020,West_Virgina,51970,258.8,1.2
2021,West_Virgina,46836,271,4.7
2021,New_Jersey,88559,271,4.7
2021,California,81575,271,4.7
2021,Maryland,97332,271,4.7
2021,South_Carolina,62542,271,4.7
2021,Michigan,64488,271,4.7
2021,Virgina,80268,271,4.7
2021,New_Mexico,53463,271,4.7
2021,Colorado,84954,271,4.7
2021,Arizona,70821,271,4.7
2021,Nevada,64340,271,4.7
2021,Maine,71139,271,4.7
2021,Vermont,76079,271,4.7
2021,New_York,72920,271,4.7
2021,Connecticut,80958,271,4.7
2021,avgerage,70784,271,4.7
2021,Oregon,81855,271,4.7
2021,Wisconsin,69943,271,4.7
2021,Louisiana,57206,271,4.7
2021,Utah,87649,271,4.7
2021,North_Carolina,62891,271,4.7
2021,Delaware,68687,271,4.7
2021,Minnesota,80441,271,4.7
2021,Alabama,56929,271,4.7
2021,Texas,67404,271,4.7
2021,Hawaii,82199,271,4.7
2021,Mississippi,46637,271,4.7
2021,Alaska,81133,271,4.7
2021,Nebraska,78109,271,4.7
2021,Illinois,79253,271,4.7
2021,Kentucky,55629,271,4.7
2021,District_of_Columbia,90640,271,4.7
2021,North_Dakota,68882,271,4.7
2021,Tennessee,62166,271,4.7
2021,Kansas,75979,271,4.7
2021,Wyoming,71052,271,4.7
2021,Florida,59734,271,4.7
2021,Ohio,62689,271,4.7
2021,Iowa,72429,271,4.7
2021,South_Dakota,73893,271,4.7
2021,Oklahoma,60096,271,4.7
2021,Georgia,61497,271,4.7
2021,Idaho,76918,271,4.7
2021,Rhode_Island,74982,271,4.7
2021,Pennsylvania,72627,271,4.7
2021,New_Hampsire,88841,271,4.7
2021,Arkansas,50784,271,4.7
2021,Massachusetts,86566,271,4.7
2021,Missouri,63594,271,4.7
2021,Washington,87648,271,4.7
2021,Montana,64999,271,4.7
2021,Indiana,70190,271,4.7
