year,state,income,debt_at_grad,adjusted_for_inflation
1990,Maryland,38857,6760,14061
1990,Wyoming,29460,6760,14061
1990,Utah,30142,6760,14061
1990,Alabama,23357,6760,14061
1990,Arkansas,22786,6760,14061
1990,Idaho,25305,6760,14061
1990,Ohio,30013,6760,14061
1990,Mississippi,20178,6760,14061
1990,New_Jersey,38734,6760,14061
1990,Kansas,29917,6760,14061
1990,Rhode_Island,31968,6760,14061
1990,Missouri,27332,6760,14061
1990,Virgina,35073,6760,14061
1990,South_Dakota,24571,6760,14061
1990,New_Mexico,25039,6760,14061
1990,Iowa,27288,6760,14061
1990,Washington,32112,6760,14061
1990,Minnesota,31465,6760,14061
1990,North_Dakota,25264,6760,14061
1990,Florida,26685,6760,14061
1990,Illinois,32542,6760,14061
1990,North_Carolina,26329,6760,14061
1990,Pennsylvania,29005,6760,14061
1990,New_York,31591,6760,14061
1990,Alaska,39298,6760,14061
1990,Indiana,26928,6760,14061
1990,Delaware,30804,6760,14061
1990,avgerage,29943,6760,14061
1990,Wisconsin,30711,6760,14061
1990,Tennessee,22592,6760,14061
1990,Vermont,31098,6760,14061
1990,Michigan,29937,6760,14061
1990,California,33290,6760,14061
1990,Nebraska,27482,6760,14061
1990,Maine,27464,6760,14061
1990,South_Carolina,28735,6760,14061
1990,Georgia,27561,6760,14061
1990,Oregon,29281,6760,14061
1990,Connecticut,38870,6760,14061
1990,Nevada,32023,6760,14061
1990,Louisiana,22405,6760,14061
1990,West_Virgina,22137,6760,14061
1990,District_of_Columbia,27392,6760,14061
1990,Colorado,30733,6760,14061
1990,Hawaii,38921,6760,14061
1990,Oklahoma,24384,6760,14061
1990,Texas,28228,6760,14061
1990,New_Hampsire,40805,6760,14061
1990,Kentucky,24780,6760,14061
1990,Montana,23375,6760,14061
1990,Massachusetts,36247,6760,14061
1990,Arizona,29224,6760,14061
1995,Nevada,36084,12600,22302
1995,Connecticut,40243,12600,22302
1995,Tennessee,29015,12600,22302
1995,Colorado,40706,12600,22302
1995,Montana,27757,12600,22302
1995,California,37009,12600,22302
1995,Texas,32039,12600,22302
1995,Maryland,41041,12600,22302
1995,Minnesota,37933,12600,22302
1995,avgerage,34076,12600,22302
1995,Wisconsin,40955,12600,22302
1995,Nebraska,32929,12600,22302
1995,Maine,33858,12600,22302
1995,Wyoming,31529,12600,22302
1995,Louisiana,27949,12600,22302
1995,New_Hampsire,39171,12600,22302
1995,Kentucky,29810,12600,22302
1995,Michigan,36426,12600,22302
1995,Alabama,25991,12600,22302
1995,West_Virgina,24880,12600,22302
1995,New_Jersey,43924,12600,22302
1995,Kansas,30341,12600,22302
1995,New_Mexico,25991,12600,22302
1995,Washington,35568,12600,22302
1995,Iowa,35519,12600,22302
1995,New_York,33028,12600,22302
1995,Indiana,33385,12600,22302
1995,Alaska,47954,12600,22302
1995,Missouri,34825,12600,22302
1995,North_Carolina,31979,12600,22302
1995,North_Dakota,29089,12600,22302
1995,Illinois,38071,12600,22302
1995,Virgina,36222,12600,22302
1995,Ohio,34941,12600,22302
1995,Idaho,32676,12600,22302
1995,Oklahoma,26311,12600,22302
1995,Mississippi,26538,12600,22302
1995,Arizona,30863,12600,22302
1995,Hawaii,42851,12600,22302
1995,Oregon,36374,12600,22302
1995,Georgia,34099,12600,22302
1995,Vermont,33824,12600,22302
1995,Massachusetts,38574,12600,22302
1995,Pennsylvania,34524,12600,22302
1995,Florida,29745,12600,22302
1995,Rhode_Island,35359,12600,22302
1995,Arkansas,25814,12600,22302
1995,District_of_Columbia,30748,12600,22302
1995,South_Carolina,29071,12600,22302
1995,Delaware,34928,12600,22302
1995,Utah,36480,12600,22302
1995,South_Dakota,29578,12600,22302
1996,Idaho,34709,12750,21930
1996,Alabama,30302,12750,21930
1996,Oklahoma,27437,12750,21930
1996,Maryland,43993,12750,21930
1996,Texas,33072,12750,21930
1996,Arizona,31637,12750,21930
1996,Utah,37038,12750,21930
1996,New_Jersey,47468,12750,21930
1996,Kentucky,32413,12750,21930
1996,New_Hampsire,39407,12750,21930
1996,Louisiana,30262,12750,21930
1996,District_of_Columbia,31966,12750,21930
1996,Hawaii,41772,12750,21930
1996,Oregon,35492,12750,21930
1996,South_Carolina,34665,12750,21930
1996,Nevada,38540,12750,21930
1996,Maine,34696,12750,21930
1996,Montana,28684,12750,21930
1996,Wisconsin,40001,12750,21930
1996,Colorado,40950,12750,21930
1996,Vermont,32358,12750,21930
1996,California,38812,12750,21930
1996,Georgia,32496,12750,21930
1996,Pennsylvania,34899,12750,21930
1996,South_Dakota,29526,12750,21930
1996,avgerage,35492,12750,21930
1996,Nebraska,34014,12750,21930
1996,Indiana,35147,12750,21930
1996,Missouri,34265,12750,21930
1996,Alaska,52779,12750,21930
1996,Delaware,39309,12750,21930
1996,North_Carolina,35601,12750,21930
1996,Washington,36676,12750,21930
1996,Florida,30641,12750,21930
1996,Rhode_Island,36986,12750,21930
1996,New_York,35410,12750,21930
1996,Mississippi,26677,12750,21930
1996,North_Dakota,31470,12750,21930
1996,Tennessee,30790,12750,21930
1996,Iowa,33209,12750,21930
1996,Minnesota,40991,12750,21930
1996,Illinois,39554,12750,21930
1996,Wyoming,30953,12750,21930
1996,New_Mexico,25086,12750,21930
1996,Massachusetts,39494,12750,21930
1996,Virgina,39211,12750,21930
1996,Kansas,32585,12750,21930
1996,Ohio,34070,12750,21930
1996,Arkansas,27123,12750,21930
1996,Michigan,39225,12750,21930
1996,West_Virgina,25247,12750,21930
1996,Connecticut,42119,12750,21930
1997,North_Dakota,31661,13670,22966
1997,Mississippi,28499,13670,22966
1997,avgerage,37005,13670,22966
1997,Minnesota,42564,13670,22966
1997,Wisconsin,39595,13670,22966
1997,Alabama,31939,13670,22966
1997,West_Virgina,27488,13670,22966
1997,Alaska,47994,13670,22966
1997,Washington,44562,13670,22966
1997,Wyoming,33423,13670,22966
1997,Arizona,32740,13670,22966
1997,Virgina,42957,13670,22966
1997,Vermont,35053,13670,22966
1997,Arkansas,26162,13670,22966
1997,Utah,42775,13670,22966
1997,California,39694,13670,22966
1997,Texas,35075,13670,22966
1997,Colorado,43233,13670,22966
1997,Tennessee,30636,13670,22966
1997,Connecticut,43985,13670,22966
1997,South_Dakota,29694,13670,22966
1997,Delaware,43033,13670,22966
1997,South_Carolina,34262,13670,22966
1997,District_of_Columbia,31860,13670,22966
1997,Rhode_Island,34797,13670,22966
1997,Florida,32455,13670,22966
1997,Pennsylvania,37517,13670,22966
1997,Georgia,36663,13670,22966
1997,Oregon,37247,13670,22966
1997,Hawaii,40934,13670,22966
1997,Oklahoma,31351,13670,22966
1997,Idaho,33404,13670,22966
1997,Ohio,36134,13670,22966
1997,Illinois,41283,13670,22966
1997,Indiana,38889,13670,22966
1997,North_Carolina,35840,13670,22966
1997,Iowa,33783,13670,22966
1997,New_York,35798,13670,22966
1997,New_Mexico,30086,13670,22966
1997,Kansas,36471,13670,22966
1997,New_Jersey,48021,13670,22966
1997,Kentucky,33452,13670,22966
1997,New_Hampsire,40998,13670,22966
1997,Louisiana,33260,13670,22966
1997,Nevada,38854,13670,22966
1997,Maine,32772,13670,22966
1997,Nebraska,34692,13670,22966
1997,Maryland,46685,13670,22966
1997,Montana,29212,13670,22966
1997,Massachusetts,42023,13670,22966
1997,Missouri,36553,13670,22966
1997,Michigan,38742,13670,22966
1998,Massachusetts,42345,14590,24074
1998,South_Carolina,33267,14590,24074
1998,North_Dakota,30304,14590,24074
1998,Minnesota,47926,14590,24074
1998,Connecticut,46508,14590,24074
1998,Alaska,50692,14590,24074
1998,Oregon,39067,14590,24074
1998,Nebraska,36413,14590,24074
1998,Florida,34909,14590,24074
1998,New_Mexico,31543,14590,24074
1998,avgerage,38885,14590,24074
1998,Indiana,39731,14590,24074
1998,Kentucky,36252,14590,24074
1998,Iowa,37019,14590,24074
1998,Kansas,36711,14590,24074
1998,District_of_Columbia,33433,14590,24074
1998,Idaho,36680,14590,24074
1998,Washington,47421,14590,24074
1998,Hawaii,40827,14590,24074
1998,Vermont,39372,14590,24074
1998,Montana,31577,14590,24074
1998,Wyoming,35250,14590,24074
1998,South_Dakota,32786,14590,24074
1998,West_Virgina,26704,14590,24074
1998,Arkansas,27665,14590,24074
1998,Louisiana,31735,14590,24074
1998,Rhode_Island,40686,14590,24074
1998,Illinois,43178,14590,24074
1998,Tennessee,34091,14590,24074
1998,Missouri,40201,14590,24074
1998,Maine,35640,14590,24074
1998,California,40934,14590,24074
1998,Ohio,38925,14590,24074
1998,Arizona,37090,14590,24074
1998,Georgia,38665,14590,24074
1998,Delaware,41458,14590,24074
1998,Michigan,41821,14590,24074
1998,Utah,44299,14590,24074
1998,Nevada,39756,14590,24074
1998,Mississippi,29120,14590,24074
1998,North_Carolina,35838,14590,24074
1998,Colorado,46599,14590,24074
1998,Wisconsin,41327,14590,24074
1998,Texas,35783,14590,24074
1998,New_Jersey,49826,14590,24074
1998,Alabama,36266,14590,24074
1998,New_Hampsire,44958,14590,24074
1998,New_York,37394,14590,24074
1998,Pennsylvania,39015,14590,24074
1998,Maryland,50016,14590,24074
1998,Oklahoma,33727,14590,24074
1998,Virgina,43354,14590,24074
1999,Illinois,46330,15510,25126
1999,Arizona,36995,15510,25126
1999,South_Dakota,35828,15510,25126
1999,Oklahoma,32683,15510,25126
1999,Maine,38862,15510,25126
1999,Wyoming,37248,15510,25126
1999,North_Carolina,37254,15510,25126
1999,Idaho,35800,15510,25126
1999,Louisiana,32654,15510,25126
1999,California,43629,15510,25126
1999,Delaware,46628,15510,25126
1999,Nevada,41461,15510,25126
1999,Ohio,39489,15510,25126
1999,Utah,46050,15510,25126
1999,Texas,38688,15510,25126
1999,New_Jersey,49734,15510,25126
1999,Alaska,51396,15510,25126
1999,New_York,39989,15510,25126
1999,South_Carolina,36462,15510,25126
1999,Tennessee,36522,15510,25126
1999,Massachusetts,44005,15510,25126
1999,Iowa,41098,15510,25126
1999,District_of_Columbia,38670,15510,25126
1999,Indiana,40838,15510,25126
1999,Vermont,41584,15510,25126
1999,avgerage,40696,15510,25126
1999,Arkansas,29682,15510,25126
1999,Rhode_Island,42719,15510,25126
1999,West_Virgina,29297,15510,25126
1999,Montana,31038,15510,25126
1999,Connecticut,50593,15510,25126
1999,Florida,35831,15510,25126
1999,Washington,45473,15510,25126
1999,Minnesota,47038,15510,25126
1999,Maryland,52205,15510,25126
1999,Mississippi,32478,15510,25126
1999,Pennsylvania,37758,15510,25126
1999,Colorado,48177,15510,25126
1999,Michigan,46089,15510,25126
1999,New_Hampsire,46055,15510,25126
1999,New_Mexico,32574,15510,25126
1999,Georgia,39425,15510,25126
1999,Nebraska,38626,15510,25126
1999,Alabama,36251,15510,25126
1999,North_Dakota,32663,15510,25126
1999,Missouri,41383,15510,25126
1999,Oregon,40619,15510,25126
1999,Kentucky,33738,15510,25126
1999,Wisconsin,45667,15510,25126
1999,Kansas,37348,15510,25126
1999,Hawaii,44504,15510,25126
1999,Virgina,45693,15510,25126
2000,Tennessee,34096,17350,27240
2000,Texas,38609,17350,27240
2000,North_Carolina,38317,17350,27240
2000,Alaska,52847,17350,27240
2000,Arizona,39783,17350,27240
2000,Pennsylvania,42176,17350,27240
2000,Missouri,45097,17350,27240
2000,Washington,42525,17350,27240
2000,Colorado,48240,17350,27240
2000,Maryland,54535,17350,27240
2000,Kentucky,36265,17350,27240
2000,Utah,47550,17350,27240
2000,avgerage,41990,17350,27240
2000,Wisconsin,45088,17350,27240
2000,Wyoming,39629,17350,27240
2000,North_Dakota,35996,17350,27240
2000,Kansas,41059,17350,27240
2000,Georgia,41901,17350,27240
2000,Maine,37266,17350,27240
2000,Ohio,42962,17350,27240
2000,Nevada,45758,17350,27240
2000,Delaware,50365,17350,27240
2000,Idaho,37611,17350,27240
2000,Nebraska,41750,17350,27240
2000,New_Hampsire,50926,17350,27240
2000,Iowa,40991,17350,27240
2000,West_Virgina,29411,17350,27240
2000,Montana,32777,17350,27240
2000,Arkansas,29697,17350,27240
2000,Illinois,46064,17350,27240
2000,Rhode_Island,42197,17350,27240
2000,Oklahoma,32432,17350,27240
2000,Indiana,40865,17350,27240
2000,Connecticut,50172,17350,27240
2000,Hawaii,51546,17350,27240
2000,Michigan,45512,17350,27240
2000,New_Jersey,50405,17350,27240
2000,South_Dakota,36475,17350,27240
2000,Louisiana,30718,17350,27240
2000,Vermont,39594,17350,27240
2000,District_of_Columbia,41222,17350,27240
2000,Florida,38856,17350,27240
2000,Virgina,47163,17350,27240
2000,Massachusetts,46753,17350,27240
2000,New_York,40744,17350,27240
2000,New_Mexico,35093,17350,27240
2000,Oregon,42499,17350,27240
2000,California,46816,17350,27240
2000,Minnesota,54251,17350,27240
2000,Alabama,35424,17350,27240
2000,South_Carolina,37570,17350,27240
2000,Mississippi,34299,17350,27240
2001,Iowa,40976,16900,25519
2001,Michigan,45047,16900,25519
2001,New_York,42114,16900,25519
2001,New_Mexico,33124,16900,25519
2001,Colorado,49397,16900,25519
2001,Kansas,41415,16900,25519
2001,West_Virgina,29673,16900,25519
2001,Delaware,49602,16900,25519
2001,California,47262,16900,25519
2001,Utah,47342,16900,25519
2001,Vermont,40794,16900,25519
2001,South_Carolina,37736,16900,25519
2001,Massachusetts,52253,16900,25519
2001,District_of_Columbia,41169,16900,25519
2001,Connecticut,53347,16900,25519
2001,Montana,32126,16900,25519
2001,Rhode_Island,45723,16900,25519
2001,Minnesota,52681,16900,25519
2001,Florida,36421,16900,25519
2001,Arkansas,33339,16900,25519
2001,Pennsylvania,43499,16900,25519
2001,Wyoming,39719,16900,25519
2001,Maryland,53530,16900,25519
2001,Georgia,42576,16900,25519
2001,Nebraska,43611,16900,25519
2001,Mississippi,30161,16900,25519
2001,Texas,40860,16900,25519
2001,Oregon,41273,16900,25519
2001,Tennessee,35783,16900,25519
2001,Wisconsin,45346,16900,25519
2001,Hawaii,47439,16900,25519
2001,Virgina,50241,16900,25519
2001,Missouri,41339,16900,25519
2001,Oklahoma,35609,16900,25519
2001,Maine,36612,16900,25519
2001,avgerage,42228,16900,25519
2001,Idaho,38241,16900,25519
2001,Arizona,42704,16900,25519
2001,Nevada,45403,16900,25519
2001,Ohio,41785,16900,25519
2001,New_Hampsire,51331,16900,25519
2001,Illinois,46171,16900,25519
2001,Louisiana,33322,16900,25519
2001,Washington,42490,16900,25519
2001,North_Dakota,35793,16900,25519
2001,New_Jersey,51771,16900,25519
2001,Indiana,40379,16900,25519
2001,Alaska,57363,16900,25519
2001,North_Carolina,38162,16900,25519
2001,Alabama,35160,16900,25519
2001,Kentucky,38437,16900,25519
2001,South_Dakota,39671,16900,25519
2002,California,47437,18870,28305
2002,Louisiana,34008,18870,28305
2002,Tennessee,37030,18870,28305
2002,Wisconsin,45903,18870,28305
2002,Washington,45183,18870,28305
2002,Alaska,52774,18870,28305
2002,Nevada,44958,18870,28305
2002,Oregon,41802,18870,28305
2002,Virgina,49631,18870,28305
2002,Georgia,42939,18870,28305
2002,New_Mexico,35457,18870,28305
2002,North_Dakota,36200,18870,28305
2002,Texas,40149,18870,28305
2002,Nebraska,42796,18870,28305
2002,Maryland,56407,18870,28305
2002,Pennsylvania,42498,18870,28305
2002,Arkansas,32387,18870,28305
2002,Florida,38024,18870,28305
2002,Alabama,37603,18870,28305
2002,New_Jersey,54568,18870,28305
2002,Wyoming,39763,18870,28305
2002,Minnesota,54622,18870,28305
2002,Rhode_Island,42417,18870,28305
2002,Indiana,41047,18870,28305
2002,New_York,41966,18870,28305
2002,Montana,34835,18870,28305
2002,Massachusetts,49855,18870,28305
2002,District_of_Columbia,39070,18870,28305
2002,Connecticut,53387,18870,28305
2002,South_Carolina,37812,18870,28305
2002,Vermont,42999,18870,28305
2002,Utah,47861,18870,28305
2002,avgerage,42409,18870,28305
2002,South_Dakota,37873,18870,28305
2002,Colorado,48294,18870,28305
2002,Delaware,49650,18870,28305
2002,West_Virgina,29359,18870,28305
2002,Kentucky,36762,18870,28305
2002,North_Carolina,36515,18870,28305
2002,Michigan,42715,18870,28305
2002,New_Hampsire,55321,18870,28305
2002,Iowa,41049,18870,28305
2002,Ohio,42684,18870,28305
2002,Arizona,39734,18870,28305
2002,Missouri,42776,18870,28305
2002,Idaho,37715,18870,28305
2002,Maine,36853,18870,28305
2002,Illinois,42710,18870,28305
2002,Kansas,42619,18870,28305
2002,Oklahoma,36458,18870,28305
2002,Mississippi,30882,18870,28305
2002,Hawaii,47303,18870,28305
2003,Wyoming,42555,16070,23623
2003,Connecticut,54965,16070,23623
2003,California,49300,16070,23623
2003,Tennessee,37523,16070,23623
2003,Delaware,49019,16070,23623
2003,South_Dakota,39522,16070,23623
2003,Vermont,43261,16070,23623
2003,District_of_Columbia,45044,16070,23623
2003,South_Carolina,38479,16070,23623
2003,Rhode_Island,44711,16070,23623
2003,Florida,38972,16070,23623
2003,Mississippi,32728,16070,23623
2003,Arkansas,32002,16070,23623
2003,Pennsylvania,42933,16070,23623
2003,Georgia,42438,16070,23623
2003,Virgina,54783,16070,23623
2003,Oregon,41638,16070,23623
2003,Hawaii,51834,16070,23623
2003,Oklahoma,35902,16070,23623
2003,Idaho,42372,16070,23623
2003,Arizona,41166,16070,23623
2003,Missouri,43762,16070,23623
2003,Ohio,43520,16070,23623
2003,Illinois,45153,16070,23623
2003,Washington,47508,16070,23623
2003,North_Dakota,40410,16070,23623
2003,Indiana,42425,16070,23623
2003,North_Carolina,37279,16070,23623
2003,Alaska,51837,16070,23623
2003,Iowa,41384,16070,23623
2003,New_York,42788,16070,23623
2003,West_Virgina,32763,16070,23623
2003,Michigan,45022,16070,23623
2003,avgerage,43318,16070,23623
2003,Kansas,44232,16070,23623
2003,New_Mexico,35105,16070,23623
2003,Kentucky,36936,16070,23623
2003,New_Jersey,56045,16070,23623
2003,Alabama,37255,16070,23623
2003,Louisiana,33507,16070,23623
2003,New_Hampsire,55567,16070,23623
2003,Wisconsin,46269,16070,23623
2003,Maine,37113,16070,23623
2003,Nevada,45184,16070,23623
2003,Maryland,52314,16070,23623
2003,Nebraska,43974,16070,23623
2003,Minnesota,52823,16070,23623
2003,Montana,34108,16070,23623
2003,Massachusetts,50955,16070,23623
2003,Utah,49275,16070,23623
2003,Colorado,49940,16070,23623
2003,Texas,39271,16070,23623
2004,New_Jersey,55275,18650,26483
2004,Arizona,43846,18650,26483
2004,Idaho,44358,18650,26483
2004,Florida,40535,18650,26483
2004,Minnesota,56104,18650,26483
2004,Maine,41329,18650,26483
2004,California,49222,18650,26483
2004,Kansas,41066,18650,26483
2004,Nebraska,43786,18650,26483
2004,Rhode_Island,47935,18650,26483
2004,Michigan,42256,18650,26483
2004,Oklahoma,39614,18650,26483
2004,Arkansas,34984,18650,26483
2004,Hawaii,56242,18650,26483
2004,Delaware,48049,18650,26483
2004,Pennsylvania,44106,18650,26483
2004,Texas,41397,18650,26483
2004,Maryland,57103,18650,26483
2004,Nevada,47204,18650,26483
2004,Alabama,36629,18650,26483
2004,Georgia,40984,18650,26483
2004,Colorado,50886,18650,26483
2004,Oregon,40994,18650,26483
2004,Virgina,51141,18650,26483
2004,avgerage,44334,18650,26483
2004,North_Dakota,39220,18650,26483
2004,Washington,49922,18650,26483
2004,Vermont,47329,18650,26483
2004,Alaska,55063,18650,26483
2004,Louisiana,36429,18650,26483
2004,New_York,44649,18650,26483
2004,Kentucky,35610,18650,26483
2004,Missouri,42137,18650,26483
2004,Illinois,46077,18650,26483
2004,North_Carolina,40238,18650,26483
2004,South_Dakota,41107,18650,26483
2004,Utah,50871,18650,26483
2004,New_Mexico,39562,18650,26483
2004,District_of_Columbia,43451,18650,26483
2004,Connecticut,55100,18650,26483
2004,Massachusetts,52019,18650,26483
2004,South_Carolina,38691,18650,26483
2004,Tennessee,38072,18650,26483
2004,New_Hampsire,56815,18650,26483
2004,Indiana,42329,18650,26483
2004,Mississippi,34755,18650,26483
2004,Iowa,43391,18650,26483
2004,Wisconsin,45732,18650,26483
2004,Montana,33956,18650,26483
2004,West_Virgina,33373,18650,26483
2004,Ohio,43055,18650,26483
2004,Wyoming,45397,18650,26483
2005,District_of_Columbia,44993,20000,27600
2005,Michigan,45933,20000,27600
2005,Iowa,46500,20000,27600
2005,North_Carolina,42056,20000,27600
2005,Indiana,42437,20000,27600
2005,New_Jersey,63368,20000,27600
2005,avgerage,46326,20000,27600
2005,North_Dakota,42192,20000,27600
2005,Louisiana,37236,20000,27600
2005,Tennessee,39406,20000,27600
2005,Washington,50646,20000,27600
2005,Illinois,48398,20000,27600
2005,Alabama,37150,20000,27600
2005,New_Hampsire,56984,20000,27600
2005,Wisconsin,44650,20000,27600
2005,California,51755,20000,27600
2005,Ohio,44203,20000,27600
2005,Arizona,45245,20000,27600
2005,Maine,43923,20000,27600
2005,Idaho,44176,20000,27600
2005,Oklahoma,37645,20000,27600
2005,Hawaii,59586,20000,27600
2005,Nevada,48209,20000,27600
2005,Oregon,44159,20000,27600
2005,Pennsylvania,46300,20000,27600
2005,Virgina,51914,20000,27600
2005,Georgia,45926,20000,27600
2005,Maryland,60512,20000,27600
2005,Wyoming,44718,20000,27600
2005,Arkansas,36658,20000,27600
2005,Rhode_Island,49484,20000,27600
2005,Texas,41422,20000,27600
2005,Nebraska,47923,20000,27600
2005,Florida,42990,20000,27600
2005,Missouri,42986,20000,27600
2005,South_Carolina,40230,20000,27600
2005,Massachusetts,56017,20000,27600
2005,Mississippi,32875,20000,27600
2005,Kentucky,36699,20000,27600
2005,Connecticut,56835,20000,27600
2005,Utah,54813,20000,27600
2005,South_Dakota,43151,20000,27600
2005,Vermont,50704,20000,27600
2005,Colorado,50449,20000,27600
2005,Minnesota,54215,20000,27600
2005,Montana,37313,20000,27600
2005,Delaware,51235,20000,27600
2005,Kansas,42027,20000,27600
2005,West_Virgina,36445,20000,27600
2005,New_Mexico,38947,20000,27600
2005,New_York,47176,20000,27600
2005,Alaska,55891,20000,27600
2006,Florida,45676,26900,35777
2006,Arizona,46657,26900,35777
2006,New_Hampsire,61970,26900,35777
2006,South_Carolina,39617,26900,35777
2006,New_Jersey,68059,26900,35777
2006,Minnesota,56211,26900,35777
2006,Ohio,45900,26900,35777
2006,Massachusetts,55330,26900,35777
2006,Iowa,48126,26900,35777
2006,Washington,54723,26900,35777
2006,Wisconsin,51692,26900,35777
2006,Kansas,45552,26900,35777
2006,Alabama,37952,26900,35777
2006,California,55319,26900,35777
2006,District_of_Columbia,48477,26900,35777
2006,Montana,41105,26900,35777
2006,West_Virgina,38419,26900,35777
2006,avgerage,48201,26900,35777
2006,New_York,48222,26900,35777
2006,Utah,54628,26900,35777
2006,South_Dakota,45427,26900,35777
2006,Indiana,45407,26900,35777
2006,Illinois,48671,26900,35777
2006,Missouri,44579,26900,35777
2006,Mississippi,34733,26900,35777
2006,Pennsylvania,48477,26900,35777
2006,Louisiana,36488,26900,35777
2006,Michigan,48647,26900,35777
2006,Virgina,57119,26900,35777
2006,Nevada,52282,26900,35777
2006,Vermont,51981,26900,35777
2006,Maryland,63668,26900,35777
2006,Colorado,55697,26900,35777
2006,Connecticut,62404,26900,35777
2006,Wyoming,47041,26900,35777
2006,Georgia,49344,26900,35777
2006,Alaska,56418,26900,35777
2006,Hawaii,60470,26900,35777
2006,Arkansas,37057,26900,35777
2006,North_Dakota,41047,26900,35777
2006,Oregon,47091,26900,35777
2006,Rhode_Island,53736,26900,35777
2006,New_Mexico,40028,26900,35777
2006,Oklahoma,38838,26900,35777
2006,Kentucky,39485,26900,35777
2006,Idaho,46213,26900,35777
2006,Tennessee,40693,26900,35777
2006,Nebraska,48145,26900,35777
2006,Maine,45642,26900,35777
2006,North_Carolina,39797,26900,35777
2006,Texas,43307,26900,35777
2006,Delaware,52438,26900,35777
2007,Louisiana,41313,28500,36765
2007,avgerage,50233,28500,36765
2007,Alabama,42212,28500,36765
2007,Alaska,62993,28500,36765
2007,Arizona,47215,28500,36765
2007,Arkansas,40795,28500,36765
2007,California,55734,28500,36765
2007,Colorado,61141,28500,36765
2007,Connecticut,64141,28500,36765
2007,Delaware,54589,28500,36765
2007,District_of_Columbia,50783,28500,36765
2007,Florida,45794,28500,36765
2007,Georgia,48641,28500,36765
2007,Hawaii,64022,28500,36765
2007,Idaho,49184,28500,36765
2007,Illinois,52506,28500,36765
2007,Indiana,47453,28500,36765
2007,Iowa,48908,28500,36765
2007,Kansas,48497,28500,36765
2007,Kentucky,39452,28500,36765
2007,Maine,47894,28500,36765
2007,Maryland,65630,28500,36765
2007,Massachusetts,58463,28500,36765
2007,Michigan,49370,28500,36765
2007,Minnesota,58058,28500,36765
2007,Mississippi,37279,28500,36765
2007,Missouri,46005,28500,36765
2007,Montana,43655,28500,36765
2007,Nebraska,49174,28500,36765
2007,Nevada,54058,28500,36765
2007,New_Hampsire,67576,28500,36765
2007,New_Jersey,60508,28500,36765
2007,New_Mexico,44356,28500,36765
2007,New_York,48944,28500,36765
2007,North_Carolina,43513,28500,36765
2007,North_Dakota,47205,28500,36765
2007,Ohio,49099,28500,36765
2007,Oklahoma,43216,28500,36765
2007,Oregon,50236,28500,36765
2007,Pennsylvania,48437,28500,36765
2007,Rhode_Island,54210,28500,36765
2007,South_Carolina,44213,28500,36765
2007,South_Dakota,46418,28500,36765
2007,Tennessee,41195,28500,36765
2007,Texas,46053,28500,36765
2007,Utah,53529,28500,36765
2007,Vermont,47390,28500,36765
2007,Virgina,59161,28500,36765
2007,Washington,58080,28500,36765
2007,West_Virgina,42091,28500,36765
2007,Wisconsin,51277,28500,36765
2007,Wyoming,48744,28500,36765
2008,South_Carolina,42155,23300,28892
2008,Mississippi,36446,23300,28892
2008,Maine,47228,23300,28892
2008,West_Virgina,37994,23300,28892
2008,Nevada,54744,23300,28892
2008,Pennsylvania,51402,23300,28892
2008,avgerage,50303,23300,28892
2008,Florida,44857,23300,28892
2008,Wisconsin,51200,23300,28892
2008,Alabama,44476,23300,28892
2008,Iowa,50142,23300,28892
2008,Georgia,46227,23300,28892
2008,Maryland,63711,23300,28892
2008,Nebraska,50728,23300,28892
2008,Indiana,46520,23300,28892
2008,California,57014,23300,28892
2008,Arkansas,39586,23300,28892
2008,Texas,46490,23300,28892
2008,New_York,50461,23300,28892
2008,Illinois,53254,23300,28892
2008,Utah,62537,23300,28892
2008,Oklahoma,46111,23300,28892
2008,Kansas,47877,23300,28892
2008,Virgina,61985,23300,28892
2008,District_of_Columbia,55590,23300,28892
2008,New_Mexico,42102,23300,28892
2008,Oregon,51727,23300,28892
2008,Colorado,60943,23300,28892
2008,Missouri,46038,23300,28892
2008,Hawaii,61521,23300,28892
2008,Arizona,46914,23300,28892
2008,Kentucky,41148,23300,28892
2008,North_Dakota,49631,23300,28892
2008,Ohio,46934,23300,28892
2008,Delaware,50702,23300,28892
2008,North_Carolina,42930,23300,28892
2008,South_Dakota,51600,23300,28892
2008,Minnesota,54925,23300,28892
2008,New_Jersey,65306,23300,28892
2008,Washington,56631,23300,28892
2008,Wyoming,53337,23300,28892
2008,Montana,42900,23300,28892
2008,Rhode_Island,53241,23300,28892
2008,Idaho,47420,23300,28892
2008,Louisiana,39563,23300,28892
2008,Alaska,63989,23300,28892
2008,Massachusetts,60320,23300,28892
2008,Michigan,49788,23300,28892
2008,Connecticut,64682,23300,28892
2008,Tennessee,39702,23300,28892
2008,New_Hampsire,66176,23300,28892
2008,Vermont,50706,23300,28892
2009,Colorado,55930,23000,28980
2009,North_Dakota,50075,23000,28980
2009,California,56134,23000,28980
2009,Utah,58491,23000,28980
2009,Illinois,52870,23000,28980
2009,Ohio,45879,23000,28980
2009,Wyoming,52470,23000,28980
2009,avgerage,49777,23000,28980
2009,Montana,40437,23000,28980
2009,Rhode_Island,51634,23000,28980
2009,Massachusetts,59373,23000,28980
2009,South_Dakota,45826,23000,28980
2009,Alabama,39980,23000,28980
2009,Mississippi,35078,23000,28980
2009,Nebraska,49595,23000,28980
2009,Wisconsin,51237,23000,28980
2009,Maryland,64186,23000,28980
2009,Georgia,43340,23000,28980
2009,Pennsylvania,48172,23000,28980
2009,Nevada,51434,23000,28980
2009,Maine,47502,23000,28980
2009,West_Virgina,40490,23000,28980
2009,South_Carolina,41101,23000,28980
2009,Tennessee,40517,23000,28980
2009,New_Hampsire,64131,23000,28980
2009,Alaska,61604,23000,28980
2009,Connecticut,64851,23000,28980
2009,Louisiana,45433,23000,28980
2009,Washington,60392,23000,28980
2009,New_Jersey,64777,23000,28980
2009,Missouri,48769,23000,28980
2009,Kentucky,42664,23000,28980
2009,Hawaii,55649,23000,28980
2009,Arizona,45739,23000,28980
2009,Oregon,49098,23000,28980
2009,Florida,45631,23000,28980
2009,New_Mexico,43542,23000,28980
2009,District_of_Columbia,53141,23000,28980
2009,Virgina,60501,23000,28980
2009,Kansas,44717,23000,28980
2009,New_York,50216,23000,28980
2009,Delaware,52114,23000,28980
2009,Texas,47475,23000,28980
2009,Minnesota,56090,23000,28980
2009,Arkansas,36538,23000,28980
2009,Iowa,50721,23000,28980
2009,Idaho,46778,23000,28980
2009,North_Carolina,41906,23000,28980
2009,Oklahoma,45878,23000,28980
2009,Michigan,45994,23000,28980
2009,Vermont,52318,23000,28980
2009,Indiana,44305,23000,28980
2010,Maine,47931,24200,29766
2010,New_Hampsire,66633,24200,29766
2010,Washington,56163,24200,29766
2010,Delaware,55214,24200,29766
2010,Minnesota,52321,24200,29766
2010,Georgia,44117,24200,29766
2010,Hawaii,59539,24200,29766
2010,Ohio,45886,24200,29766
2010,Alaska,57848,24200,29766
2010,Kentucky,41104,24200,29766
2010,Colorado,60233,24200,29766
2010,Virgina,60367,24200,29766
2010,Kansas,46054,24200,29766
2010,Arizona,46896,24200,29766
2010,Wyoming,52201,24200,29766
2010,Florida,44066,24200,29766
2010,Utah,56701,24200,29766
2010,Vermont,55928,24200,29766
2010,Illinois,50728,24200,29766
2010,North_Dakota,51006,24200,29766
2010,California,54283,24200,29766
2010,District_of_Columbia,56928,24200,29766
2010,Massachusetts,60934,24200,29766
2010,New_Mexico,45134,24200,29766
2010,Michigan,46276,24200,29766
2010,Oregon,50602,24200,29766
2010,Maryland,64201,24200,29766
2010,West_Virgina,42777,24200,29766
2010,South_Dakota,45352,24200,29766
2010,Connecticut,65998,24200,29766
2010,Rhode_Island,51623,24200,29766
2010,North_Carolina,43830,24200,29766
2010,Louisiana,39300,24200,29766
2010,Nevada,51200,24200,29766
2010,Wisconsin,50351,24200,29766
2010,avgerage,49276,24200,29766
2010,Pennsylvania,48314,24200,29766
2010,Iowa,49016,24200,29766
2010,Alabama,40933,24200,29766
2010,Montana,41280,24200,29766
2010,Mississippi,38160,24200,29766
2010,Missouri,45817,24200,29766
2010,South_Carolina,41698,24200,29766
2010,Nebraska,52504,24200,29766
2010,Oklahoma,43103,24200,29766
2010,Arkansas,38587,24200,29766
2010,Tennessee,38591,24200,29766
2010,New_Jersey,62968,24200,29766
2010,Indiana,46139,24200,29766
2010,Idaho,47050,24200,29766
2010,New_York,49781,24200,29766
2010,Texas,47266,24200,29766
2011,Michigan,48879,25300,30107
2011,Maine,49693,25300,30107
2011,Pennsylvania,49910,25300,30107
2011,avgerage,50054,25300,30107
2011,West_Virgina,41821,25300,30107
2011,Indiana,44445,25300,30107
2011,New_Hampsire,65880,25300,30107
2011,Massachusetts,63313,25300,30107
2011,Missouri,45774,25300,30107
2011,Rhode_Island,49033,25300,30107
2011,North_Carolina,45206,25300,30107
2011,Louisiana,40658,25300,30107
2011,South_Dakota,47223,25300,30107
2011,Arizona,48621,25300,30107
2011,California,53367,25300,30107
2011,Connecticut,65415,25300,30107
2011,New_Jersey,62338,25300,30107
2011,Montana,40277,25300,30107
2011,Hawaii,59047,25300,30107
2011,Wyoming,54509,25300,30107
2011,Washington,56850,25300,30107
2011,Mississippi,41090,25300,30107
2011,Iowa,50219,25300,30107
2011,Kentucky,39856,25300,30107
2011,Ohio,44648,25300,30107
2011,New_Mexico,41982,25300,30107
2011,Oregon,51526,25300,30107
2011,Minnesota,57820,25300,30107
2011,Utah,55493,25300,30107
2011,Vermont,51862,25300,30107
2011,Kansas,46147,25300,30107
2011,Virgina,62616,25300,30107
2011,District_of_Columbia,55251,25300,30107
2011,Texas,49047,25300,30107
2011,New_York,50636,25300,30107
2011,Illinois,50637,25300,30107
2011,Delaware,54660,25300,30107
2011,North_Dakota,56361,25300,30107
2011,Arkansas,41302,25300,30107
2011,Nebraska,55616,25300,30107
2011,Oklahoma,48455,25300,30107
2011,Wisconsin,52058,25300,30107
2011,Florida,45105,25300,30107
2011,Idaho,47459,25300,30107
2011,Maryland,68876,25300,30107
2011,Georgia,45973,25300,30107
2011,Tennessee,42279,25300,30107
2011,Alabama,42590,25300,30107
2011,Colorado,58629,25300,30107
2011,Nevada,47043,25300,30107
2011,South_Carolina,40084,25300,30107
2011,Alaska,57431,25300,30107
2012,Vermont,55582,29400,34398
2012,Rhode_Island,56065,29400,34398
2012,Wyoming,57512,29400,34398
2012,Kansas,50003,29400,34398
2012,Missouri,49764,29400,34398
2012,Pennsylvania,51904,29400,34398
2012,Illinois,51738,29400,34398
2012,North_Dakota,55766,29400,34398
2012,Idaho,47922,29400,34398
2012,Alaska,63648,29400,34398
2012,New_Jersey,66692,29400,34398
2012,South_Dakota,49415,29400,34398
2012,Colorado,57255,29400,34398
2012,Minnesota,61795,29400,34398
2012,Indiana,46158,29400,34398
2012,Connecticut,64247,29400,34398
2012,Florida,46071,29400,34398
2012,Nebraska,52196,29400,34398
2012,Arizona,47044,29400,34398
2012,Louisiana,39085,29400,34398
2012,Nevada,47333,29400,34398
2012,Wisconsin,53079,29400,34398
2012,Maine,49158,29400,34398
2012,Mississippi,36641,29400,34398
2012,West_Virgina,43553,29400,34398
2012,North_Carolina,41553,29400,34398
2012,Utah,58341,29400,34398
2012,Oklahoma,48407,29400,34398
2012,Michigan,50015,29400,34398
2012,California,57020,29400,34398
2012,Maryland,71836,29400,34398
2012,Oregon,51775,29400,34398
2012,New_Mexico,43424,29400,34398
2012,Arkansas,39018,29400,34398
2012,avgerage,51017,29400,34398
2012,Delaware,48972,29400,34398
2012,Ohio,44375,29400,34398
2012,Alabama,43464,29400,34398
2012,Iowa,53442,29400,34398
2012,Massachusetts,63656,29400,34398
2012,Kentucky,41086,29400,34398
2012,New_Hampsire,67819,29400,34398
2012,Virgina,64632,29400,34398
2012,Georgia,48121,29400,34398
2012,Texas,51926,29400,34398
2012,Washington,62187,29400,34398
2012,South_Carolina,44401,29400,34398
2012,Hawaii,56263,29400,34398
2012,District_of_Columbia,65246,29400,34398
2012,New_York,47680,29400,34398
2012,Tennessee,42995,29400,34398
2012,Montana,45088,29400,34398
2013,North_Dakota,52888,28900,33524
2013,South_Carolina,43749,28900,33524
2013,South_Dakota,54453,28900,33524
2013,District_of_Columbia,60675,28900,33524
2013,Mississippi,40850,28900,33524
2013,Minnesota,60907,28900,33524
2013,Montana,44132,28900,33524
2013,Massachusetts,62963,28900,33524
2013,Alabama,41381,28900,33524
2013,Nebraska,53774,28900,33524
2013,Wisconsin,55258,28900,33524
2013,Maryland,65262,28900,33524
2013,Nevada,45369,28900,33524
2013,Missouri,50311,28900,33524
2013,Alaska,61137,28900,33524
2013,Maine,50121,28900,33524
2013,West_Virgina,40241,28900,33524
2013,New_Hampsire,71322,28900,33524
2013,Louisiana,39622,28900,33524
2013,Arizona,50602,28900,33524
2013,New_Jersey,61782,28900,33524
2013,Washington,60106,28900,33524
2013,New_Mexico,42127,28900,33524
2013,Wyoming,55700,28900,33524
2013,Kentucky,42158,28900,33524
2013,Arkansas,39919,28900,33524
2013,Virgina,67620,28900,33524
2013,New_York,53843,28900,33524
2013,Kansas,51485,28900,33524
2013,California,57528,28900,33524
2013,North_Carolina,41208,28900,33524
2013,Iowa,54855,28900,33524
2013,Vermont,54842,28900,33524
2013,Indiana,50553,28900,33524
2013,Ohio,46398,28900,33524
2013,Illinois,57196,28900,33524
2013,Michigan,48801,28900,33524
2013,Utah,62967,28900,33524
2013,Colorado,63371,28900,33524
2013,Oklahoma,43777,28900,33524
2013,Idaho,51767,28900,33524
2013,avgerage,51939,28900,33524
2013,Texas,53027,28900,33524
2013,Oregon,56307,28900,33524
2013,Connecticut,67781,28900,33524
2013,Hawaii,61408,28900,33524
2013,Pennsylvania,53952,28900,33524
2013,Georgia,47439,28900,33524
2013,Tennessee,42499,28900,33524
2013,Delaware,52219,28900,33524
2013,Rhode_Island,57812,28900,33524
2013,Florida,47886,28900,33524
2014,Montana,51102,28650,32375
2014,Michigan,52005,28650,32375
2014,Oklahoma,47199,28650,32375
2014,Vermont,60708,28650,32375
2014,Iowa,57810,28650,32375
2014,North_Carolina,46784,28650,32375
2014,California,60487,28650,32375
2014,Idaho,53438,28650,32375
2014,Mississippi,35521,28650,32375
2014,Kansas,53444,28650,32375
2014,New_York,54310,28650,32375
2014,Virgina,66155,28650,32375
2014,Texas,53875,28650,32375
2014,Minnesota,67244,28650,32375
2014,Oregon,58875,28650,32375
2014,Arkansas,44922,28650,32375
2014,Kentucky,42786,28650,32375
2014,New_Mexico,46686,28650,32375
2014,Connecticut,70161,28650,32375
2014,Washington,59068,28650,32375
2014,Louisiana,42406,28650,32375
2014,Hawaii,71223,28650,32375
2014,Wyoming,55690,28650,32375
2014,New_Jersey,65243,28650,32375
2014,Arizona,49254,28650,32375
2014,West_Virgina,39552,28650,32375
2014,New_Hampsire,73397,28650,32375
2014,Pennsylvania,55173,28650,32375
2014,District_of_Columbia,68277,28650,32375
2014,Maine,51710,28650,32375
2014,Nevada,49875,28650,32375
2014,Missouri,56630,28650,32375
2014,Alaska,67629,28650,32375
2014,Wisconsin,58080,28650,32375
2014,Maryland,76165,28650,32375
2014,Nebraska,56870,28650,32375
2014,South_Dakota,53053,28650,32375
2014,Georgia,49555,28650,32375
2014,South_Carolina,44929,28650,32375
2014,Tennessee,43716,28650,32375
2014,Delaware,57522,28650,32375
2014,Ohio,49644,28650,32375
2014,avgerage,53657,28650,32375
2014,Colorado,60940,28650,32375
2014,Rhode_Island,58633,28650,32375
2014,Illinois,54916,28650,32375
2014,Massachusetts,63151,28650,32375
2014,Utah,63383,28650,32375
2014,Alabama,42278,28650,32375
2014,Indiana,48060,28650,32375
2014,Florida,46140,28650,32375
2014,North_Dakota,60730,28650,32375
2015,Arizona,52248,28400,32092
2015,West_Virgina,42824,28400,32092
2015,Oklahoma,47077,28400,32092
2015,Nebraska,60474,28400,32092
2015,Alabama,44509,28400,32092
2015,North_Dakota,57415,28400,32092
2015,Vermont,59494,28400,32092
2015,Wyoming,60925,28400,32092
2015,Iowa,60855,28400,32092
2015,Minnesota,68730,28400,32092
2015,New_Hampsire,75675,28400,32092
2015,North_Carolina,50797,28400,32092
2015,avgerage,56516,28400,32092
2015,Pennsylvania,60389,28400,32092
2015,California,63636,28400,32092
2015,Virgina,61486,28400,32092
2015,Mississippi,40037,28400,32092
2015,Indiana,51983,28400,32092
2015,Idaho,51624,28400,32092
2015,Michigan,54203,28400,32092
2015,Colorado,66596,28400,32092
2015,Kansas,54865,28400,32092
2015,Maine,50756,28400,32092
2015,Tennessee,47330,28400,32092
2015,New_York,58005,28400,32092
2015,Delaware,57756,28400,32092
2015,Connecticut,72889,28400,32092
2015,Nevada,52008,28400,32092
2015,Texas,56473,28400,32092
2015,Utah,66258,28400,32092
2015,Oregon,60834,28400,32092
2015,South_Carolina,46360,28400,32092
2015,Montana,51395,28400,32092
2015,Alaska,75112,28400,32092
2015,Kentucky,42387,28400,32092
2015,Wisconsin,55425,28400,32092
2015,Massachusetts,67861,28400,32092
2015,New_Mexico,45119,28400,32092
2015,Missouri,59196,28400,32092
2015,South_Dakota,55065,28400,32092
2015,Arkansas,42798,28400,32092
2015,Washington,67243,28400,32092
2015,Maryland,73594,28400,32092
2015,Louisiana,45922,28400,32092
2015,Rhode_Island,55701,28400,32092
2015,District_of_Columbia,70071,28400,32092
2015,Illinois,60413,28400,32092
2015,Hawaii,64514,28400,32092
2015,Ohio,53301,28400,32092
2015,Florida,48825,28400,32092
2015,New_Jersey,68357,28400,32092
2015,Georgia,50768,28400,32092
2016,Arizona,57100,28525,31948
2016,Missouri,55016,28525,31948
2016,Michigan,57091,28525,31948
2016,Montana,57075,28525,31948
2016,Massachusetts,72266,28525,31948
2016,Nebraska,59374,28525,31948
2016,Maryland,73760,28525,31948
2016,Nevada,55431,28525,31948
2016,Wyoming,57829,28525,31948
2016,New_Hampsire,76260,28525,31948
2016,Maine,50856,28525,31948
2016,New_Jersey,68468,28525,31948
2016,Louisiana,42196,28525,31948
2016,New_Mexico,48451,28525,31948
2016,Kentucky,45369,28525,31948
2016,New_York,61437,28525,31948
2016,Kansas,56810,28525,31948
2016,North_Carolina,53764,28525,31948
2016,Iowa,59094,28525,31948
2016,North_Dakota,60184,28525,31948
2016,Indiana,56094,28525,31948
2016,Ohio,53985,28525,31948
2016,Illinois,61386,28525,31948
2016,Oklahoma,50943,28525,31948
2016,Idaho,56564,28525,31948
2016,Oregon,59135,28525,31948
2016,Hawaii,72133,28525,31948
2016,Pennsylvania,60979,28525,31948
2016,Georgia,53527,28525,31948
2016,Rhode_Island,61528,28525,31948
2016,Florida,51176,28525,31948
2016,South_Carolina,54336,28525,31948
2016,District_of_Columbia,70982,28525,31948
2016,South_Dakota,57450,28525,31948
2016,Tennessee,51344,28525,31948
2016,Delaware,58046,28525,31948
2016,Texas,58146,28525,31948
2016,Connecticut,75923,28525,31948
2016,Utah,67481,28525,31948
2016,Colorado,70566,28525,31948
2016,Vermont,60837,28525,31948
2016,California,66637,28525,31948
2016,Virgina,66451,28525,31948
2016,avgerage,59039,28525,31948
2016,Arkansas,45907,28525,31948
2016,Washington,70310,28525,31948
2016,West_Virgina,44354,28525,31948
2016,Alaska,75723,28525,31948
2016,Wisconsin,59817,28525,31948
2016,Alabama,47221,28525,31948
2016,Mississippi,41099,28525,31948
2016,Minnesota,70218,28525,31948
2017,Kentucky,49672,28650,31515
2017,Connecticut,74304,28650,31515
2017,Alaska,77987,28650,31515
2017,Rhode_Island,65401,28650,31515
2017,Tennessee,55306,28650,31515
2017,Wyoming,59536,28650,31515
2017,Nebraska,59583,28650,31515
2017,North_Carolina,49547,28650,31515
2017,Iowa,63467,28650,31515
2017,Michigan,56405,28650,31515
2017,Montana,57407,28650,31515
2017,Florida,53086,28650,31515
2017,Hawaii,73599,28650,31515
2017,District_of_Columbia,81282,28650,31515
2017,Vermont,63682,28650,31515
2017,West_Virgina,46957,28650,31515
2017,Utah,69789,28650,31515
2017,New_York,61543,28650,31515
2017,Pennsylvania,61285,28650,31515
2017,Louisiana,43565,28650,31515
2017,Illinois,65969,28650,31515
2017,Ohio,60688,28650,31515
2017,Maine,53316,28650,31515
2017,North_Dakota,60167,28650,31515
2017,Georgia,57985,28650,31515
2017,Indiana,58767,28650,31515
2017,New_Hampsire,75630,28650,31515
2017,Colorado,74984,28650,31515
2017,Mississippi,43281,28650,31515
2017,South_Carolina,54537,28650,31515
2017,Kansas,56900,28650,31515
2017,Virgina,70811,28650,31515
2017,Arkansas,49751,28650,31515
2017,Nevada,58041,28650,31515
2017,Missouri,56530,28650,31515
2017,Massachusetts,76243,28650,31515
2017,Delaware,64961,28650,31515
2017,Arizona,59700,28650,31515
2017,Maryland,82093,28650,31515
2017,New_Jersey,71240,28650,31515
2017,Texas,60092,28650,31515
2017,New_Mexico,45601,28650,31515
2017,Oregon,62498,28650,31515
2017,Wisconsin,63482,28650,31515
2017,California,70038,28650,31515
2017,Minnesota,69975,28650,31515
2017,South_Dakota,56914,28650,31515
2017,avgerage,61136,28650,31515
2017,Alabama,50865,28650,31515
2017,Washington,71540,28650,31515
2017,Idaho,59497,28650,31515
2017,Oklahoma,51882,28650,31515
2018,Kentucky,54555,29200,31244
2018,Louisiana,49973,29200,31244
2018,New_Jersey,74176,29200,31244
2018,Wisconsin,62629,29200,31244
2018,Arizona,62283,29200,31244
2018,Florida,54644,29200,31244
2018,Alaska,68734,29200,31244
2018,District_of_Columbia,85750,29200,31244
2018,West_Virgina,50573,29200,31244
2018,Maine,58663,29200,31244
2018,New_Hampsire,81346,29200,31244
2018,Nevada,61864,29200,31244
2018,avgerage,63179,29200,31244
2018,Maryland,86223,29200,31244
2018,Texas,59785,29200,31244
2018,Montana,57679,29200,31244
2018,Oregon,69165,29200,31244
2018,Tennessee,56060,29200,31244
2018,Idaho,58728,29200,31244
2018,Michigan,60449,29200,31244
2018,Connecticut,72812,29200,31244
2018,South_Dakota,59463,29200,31244
2018,Oklahoma,54434,29200,31244
2018,Wyoming,62539,29200,31244
2018,Utah,77067,29200,31244
2018,Georgia,55821,29200,31244
2018,Illinois,70145,29200,31244
2018,Ohio,61633,29200,31244
2018,Minnesota,71817,29200,31244
2018,Colorado,73034,29200,31244
2018,Mississippi,42781,29200,31244
2018,Indiana,59892,29200,31244
2018,North_Dakota,66505,29200,31244
2018,Vermont,70066,29200,31244
2018,Pennsylvania,64524,29200,31244
2018,Alabama,49936,29200,31244
2018,Iowa,68718,29200,31244
2018,North_Carolina,53369,29200,31244
2018,California,70489,29200,31244
2018,Delaware,65012,29200,31244
2018,Kansas,63938,29200,31244
2018,Nebraska,67575,29200,31244
2018,Virgina,77151,29200,31244
2018,Rhode_Island,62266,29200,31244
2018,New_York,67274,29200,31244
2018,South_Carolina,57444,29200,31244
2018,Hawaii,80108,29200,31244
2018,Arkansas,49781,29200,31244
2018,Massachusetts,86345,29200,31244
2018,New_Mexico,48283,29200,31244
2018,Washington,79726,29200,31244
2018,Missouri,61726,29200,31244
2019,Montana,60195,29500,30975
2019,Oklahoma,59397,29500,30975
2019,Minnesota,81426,29500,30975
2019,North_Carolina,61159,29500,30975
2019,Connecticut,87291,29500,30975
2019,Idaho,65988,29500,30975
2019,Tennessee,56627,29500,30975
2019,Oregon,74413,29500,30975
2019,Arkansas,54539,29500,30975
2019,California,78105,29500,30975
2019,Maryland,95572,29500,30975
2019,Texas,67444,29500,30975
2019,Nebraska,73071,29500,30975
2019,Rhode_Island,70151,29500,30975
2019,Kansas,73151,29500,30975
2019,New_Jersey,87726,29500,30975
2019,Louisiana,51707,29500,30975
2019,Delaware,74194,29500,30975
2019,Virgina,81313,29500,30975
2019,New_Mexico,53113,29500,30975
2019,District_of_Columbia,93111,29500,30975
2019,Wisconsin,67355,29500,30975
2019,New_Hampsire,86900,29500,30975
2019,Missouri,60597,29500,30975
2019,Massachusetts,87707,29500,30975
2019,New_York,71855,29500,30975
2019,avgerage,68703,29500,30975
2019,West_Virgina,53706,29500,30975
2019,Florida,58368,29500,30975
2019,Indiana,66693,29500,30975
2019,South_Carolina,62028,29500,30975
2019,Hawaii,88006,29500,30975
2019,Colorado,72499,29500,30975
2019,Georgia,56628,29500,30975
2019,Wyoming,65134,29500,30975
2019,Kentucky,55662,29500,30975
2019,Michigan,64119,29500,30975
2019,Ohio,64663,29500,30975
2019,Washington,82454,29500,30975
2019,North_Dakota,70031,29500,30975
2019,Mississippi,44787,29500,30975
2019,Illinois,74399,29500,30975
2019,Vermont,74305,29500,30975
2019,Maine,66546,29500,30975
2019,Utah,84523,29500,30975
2019,South_Dakota,64255,29500,30975
2019,Arizona,70674,29500,30975
2019,Alabama,56200,29500,30975
2019,Alaska,78394,29500,30975
2019,Pennsylvania,70582,29500,30975
2019,Iowa,66054,29500,30975
2019,Nevada,70906,29500,30975
2020,New_York,68659,30000,31500
2020,Georgia,59265,30000,31500
2020,Tennessee,54975,30000,31500
2020,Rhode_Island,80175,30000,31500
2020,Hawaii,80825,30000,31500
2020,Montana,56741,30000,31500
2020,Delaware,70022,30000,31500
2020,Pennsylvania,70789,30000,31500
2020,avgerage,68010,30000,31500
2020,Texas,68404,30000,31500
2020,Oregon,76855,30000,31500
2020,Idaho,66725,30000,31500
2020,Connecticut,79432,30000,31500
2020,Oklahoma,52471,30000,31500
2020,Illinois,74334,30000,31500
2020,Utah,83993,30000,31500
2020,Wyoming,65450,30000,31500
2020,Ohio,60379,30000,31500
2020,Indiana,66805,30000,31500
2020,Colorado,83777,30000,31500
2020,Vermont,67257,30000,31500
2020,North_Dakota,64115,30000,31500
2020,Iowa,68816,30000,31500
2020,North_Carolina,60430,30000,31500
2020,California,77652,30000,31500
2020,Kansas,73082,30000,31500
2020,Virgina,82214,30000,31500
2020,Minnesota,78753,30000,31500
2020,Kentucky,56755,30000,31500
2020,Arkansas,50777,30000,31500
2020,New_Mexico,50906,30000,31500
2020,Washington,81358,30000,31500
2020,Louisiana,51186,30000,31500
2020,New_Jersey,85549,30000,31500
2020,Arizona,67088,30000,31500
2020,Maine,63693,30000,31500
2020,West_Virgina,51970,30000,31500
2020,New_Hampsire,88894,30000,31500
2020,Maryland,94789,30000,31500
2020,Missouri,62178,30000,31500
2020,Alaska,74746,30000,31500
2020,Wisconsin,67405,30000,31500
2020,Nevada,61164,30000,31500
2020,Massachusetts,87812,30000,31500
2020,Nebraska,72248,30000,31500
2020,Michigan,64392,30000,31500
2020,Alabama,54689,30000,31500
2020,Mississippi,45134,30000,31500
2020,South_Dakota,70189,30000,31500
2020,Florida,57763,30000,31500
2020,South_Carolina,60341,30000,31500
2020,District_of_Columbia,88218,30000,31500
2021,Louisiana,57206,31100,31100
2021,New_Mexico,53463,31100,31100
2021,Idaho,76918,31100,31100
2021,Nevada,64340,31100,31100
2021,Massachusetts,86566,31100,31100
2021,Pennsylvania,72627,31100,31100
2021,Washington,87648,31100,31100
2021,Arkansas,50784,31100,31100
2021,Kentucky,55629,31100,31100
2021,New_York,72920,31100,31100
2021,South_Carolina,62542,31100,31100
2021,Virgina,80268,31100,31100
2021,Kansas,75979,31100,31100
2021,Delaware,68687,31100,31100
2021,Nebraska,78109,31100,31100
2021,California,81575,31100,31100
2021,Michigan,64488,31100,31100
2021,Hawaii,82199,31100,31100
2021,Minnesota,80441,31100,31100
2021,North_Carolina,62891,31100,31100
2021,Iowa,72429,31100,31100
2021,North_Dakota,68882,31100,31100
2021,District_of_Columbia,90640,31100,31100
2021,Alabama,56929,31100,31100
2021,Wyoming,71052,31100,31100
2021,Rhode_Island,74982,31100,31100
2021,Vermont,76079,31100,31100
2021,Colorado,84954,31100,31100
2021,Mississippi,46637,31100,31100
2021,Indiana,70190,31100,31100
2021,Ohio,62689,31100,31100
2021,Utah,87649,31100,31100
2021,Illinois,79253,31100,31100
2021,Tennessee,62166,31100,31100
2021,Oklahoma,60096,31100,31100
2021,Connecticut,80958,31100,31100
2021,Oregon,81855,31100,31100
2021,Montana,64999,31100,31100
2021,South_Dakota,73893,31100,31100
2021,Maryland,97332,31100,31100
2021,New_Hampsire,88841,31100,31100
2021,Florida,59734,31100,31100
2021,West_Virgina,46836,31100,31100
2021,Arizona,70821,31100,31100
2021,Missouri,63594,31100,31100
2021,Georgia,61497,31100,31100
2021,Alaska,81133,31100,31100
2021,Maine,71139,31100,31100
2021,Wisconsin,69943,31100,31100
2021,Texas,67404,31100,31100
2021,avgerage,70784,31100,31100
2021,New_Jersey,88559,31100,31100
