Date,Less than HS,High school,Some college,Bachelor's degree,Advanced degree,Less than HS Share,High school Share,Some college Share,Bachelor's degree Share,Advanced degree Share,Men Less than HS,Men High school,Men Some college,Men Bachelor's degree,Men Advanced degree,Men Less than HS Share,Men High school Share,Men Some college Share,Men Bachelor's degree Share,Men Advanced degree Share,Women Less than HS,Women High school,Women Some college,Women Bachelor's degree,Women Advanced degree,Women Less than HS Share,Women High school Share,Women Some college Share,Women Bachelor's degree Share,Women Advanced degree Share,White Less than HS,White High school,White Some college,White Bachelor's degree,White Advanced degree,White Less than HS Share,White High school Share,White Some college Share,White Bachelor's degree Share,White Advanced degree Share,Black Less than HS,Black High school,Black Some college,Black Bachelor's degree,Black Advanced degree,Black Less than HS Share,Black High school Share,Black Some college Share,Black Bachelor's degree Share,Black Advanced degree Share,Hispanic Less than HS,Hispanic High school,Hispanic Some college,Hispanic Bachelor's degree,Hispanic Advanced degree,Hispanic Less than HS Share,Hispanic High school Share,Hispanic Some college Share,Hispanic Bachelor's degree Share,Hispanic Advanced degree Share,White Men Less than HS,White Men High school,White Men Some college,White Men Bachelor's degree,White Men Advanced degree,White Men Less than HS Share,White Men High school Share,White Men Some college Share,White Men Bachelor's degree Share,White Men Advanced degree Share,Black Men Less than HS,Black Men High school,Black Men Some college,Black Men Bachelor's degree,Black Men Advanced degree,Black Men Less than HS Share,Black Men High school Share,Black Men Some college Share,Black Men Bachelor's degree Share,Black Men Advanced degree Share,Hispanic Men Less than HS,Hispanic Men High school,Hispanic Men Some college,Hispanic Men Bachelor's degree,Hispanic Men Advanced degree,Hispanic Men Less than HS Share,Hispanic Men High school Share,Hispanic Men Some college Share,Hispanic Men Bachelor's degree Share,Hispanic Men Advanced degree Share,White Women Less than HS,White Women High school,White Women Some college,White Women Bachelor's degree,White Women Advanced degree,White Women Less than HS Share,White Women High school Share,White Women Some college Share,White Women Bachelor's degree Share,White Women Advanced degree Share,Black Women Less than HS,Black Women High school,Black Women Some college,Black Women Bachelor's degree,Black Women Advanced degree,Black Women Less than HS Share,Black Women High school Share,Black Women Some college Share,Black Women Bachelor's degree Share,Black Women Advanced degree Share,Hispanic Women Less than HS,Hispanic Women High school,Hispanic Women Some college,Hispanic Women Bachelor's degree,Hispanic Women Advanced degree,Hispanic Women Less than HS Share,Hispanic Women High school Share,Hispanic Women Some college Share,Hispanic Women Bachelor's degree Share,Hispanic Women Advanced degree Share
2022,$16.52 ,$21.94 ,$24.81 ,$41.60 ,$53.22 ,7.60%,26.00%,25.90%,25.60%,15.00%,$17.99 ,$24.08 ,$27.96 ,$49.01 ,$63.51 ,8.70%,29.20%,24.40%,24.30%,13.40%,$14.33 ,$18.93 ,$21.76 ,$34.39 ,$44.34 ,6.30%,22.50%,27.40%,27.00%,16.80%,$15.70 ,$23.31 ,$26.28 ,$43.30 ,$53.30 ,4.50%,23.50%,26.50%,29.10%,16.40%,$15.19 ,$19.39 ,$21.34 ,$33.39 ,$44.67 ,6.00%,31.40%,30.60%,19.70%,12.40%,$17.32 ,$20.72 ,$22.96 ,$36.00 ,$48.30 ,19.80%,33.60%,24.20%,15.70%,6.70%,$17.14 ,$25.92 ,$29.93 ,$51.23 ,$63.86 ,4.90%,26.70%,25.90%,28.10%,14.40%,$16.38 ,$20.73 ,$22.58 ,$37.63 ,$52.91 ,6.70%,35.80%,28.60%,18.70%,10.20%,$18.67 ,$22.32 ,$25.49 ,$41.48 ,$57.08 ,23.30%,37.00%,20.80%,13.30%,5.60%,$13.84 ,$19.56 ,$22.52 ,$35.31 ,$44.45 ,4.10%,20.10%,27.10%,30.20%,18.60%,$13.89 ,$17.83 ,$20.36 ,$29.94 ,$39.41 ,5.40%,27.50%,32.40%,20.50%,14.30%,$14.74 ,$18.18 ,$20.64 ,$31.13 ,$40.64 ,15.30%,29.30%,28.50%,18.70%,8.10%
2021,$16.74 ,$22.28 ,$24.92 ,$41.32 ,$53.45 ,7.50%,25.40%,26.60%,25.50%,14.90%,$18.34 ,$24.36 ,$27.96 ,$47.83 ,$63.52 ,8.70%,28.70%,25.30%,24.10%,13.30%,$14.36 ,$19.36 ,$21.97 ,$35.08 ,$44.80 ,6.30%,22.00%,28.00%,27.10%,16.70%,$16.20 ,$23.60 ,$26.29 ,$43.06 ,$53.62 ,4.40%,23.40%,27.20%,28.70%,16.40%,$14.55 ,$19.66 ,$21.26 ,$32.62 ,$43.37 ,5.80%,30.40%,31.10%,20.60%,12.10%,$17.60 ,$21.03 ,$23.34 ,$35.26 ,$48.60 ,20.40%,32.20%,25.40%,15.40%,6.50%,$18.13 ,$26.03 ,$29.79 ,$50.06 ,$64.04 ,4.70%,26.80%,26.50%,27.60%,14.50%,$15.38 ,$20.86 ,$22.63 ,$36.95 ,$49.01 ,6.20%,35.00%,29.70%,19.30%,9.70%,$18.98 ,$22.70 ,$25.58 ,$39.61 ,$55.60 ,23.80%,35.30%,22.40%,13.20%,5.40%,$13.77 ,$20.08 ,$22.73 ,$36.11 ,$44.82 ,4.00%,19.90%,27.90%,29.80%,18.40%,$13.73 ,$18.30 ,$20.18 ,$29.35 ,$40.07 ,5.40%,26.50%,32.30%,21.70%,14.10%,$14.97 ,$18.34 ,$21.14 ,$31.25 ,$42.47 ,16.10%,28.30%,29.30%,18.40%,7.90%
2020,$17.02 ,$22.70 ,$25.44 ,$41.65 ,$53.74 ,7.20%,25.20%,27.10%,25.50%,15.00%,$18.76 ,$25.09 ,$28.55 ,$48.15 ,$62.70 ,8.40%,28.30%,26.00%,24.10%,13.40%,$14.40 ,$19.35 ,$22.35 ,$35.41 ,$46.04 ,6.00%,21.80%,28.20%,27.10%,16.80%,$17.01 ,$24.00 ,$26.90 ,$43.16 ,$53.80 ,4.20%,23.50%,27.40%,28.50%,16.50%,$14.55 ,$19.66 ,$21.79 ,$33.64 ,$45.76 ,6.20%,29.60%,31.50%,20.80%,11.90%,$17.61 ,$21.46 ,$23.24 ,$36.13 ,$48.58 ,19.50%,31.60%,26.70%,15.40%,6.80%,$18.97 ,$26.73 ,$30.40 ,$50.15 ,$63.50 ,4.70%,26.80%,26.60%,27.30%,14.50%,$15.52 ,$21.22 ,$23.57 ,$36.70 ,$51.67 ,6.50%,33.90%,31.10%,19.20%,9.30%,$19.26 ,$23.33 ,$25.69 ,$41.00 ,$53.58 ,22.40%,34.50%,24.10%,13.20%,5.70%,$14.20 ,$20.06 ,$23.31 ,$36.20 ,$45.58 ,3.60%,20.00%,28.20%,29.70%,18.60%,$13.66 ,$17.93 ,$20.31 ,$31.38 ,$42.44 ,6.00%,25.90%,31.70%,22.20%,14.10%,$14.58 ,$18.50 ,$20.69 ,$31.55 ,$44.15 ,15.80%,27.90%,29.90%,18.20%,8.30%
2019,$16.11 ,$21.64 ,$24.00 ,$39.61 ,$51.57 ,8.00%,26.10%,27.70%,24.30%,13.80%,$17.55 ,$23.99 ,$26.99 ,$45.74 ,$59.93 ,9.30%,28.90%,26.40%,22.90%,12.50%,$13.96 ,$18.48 ,$21.09 ,$33.80 ,$44.22 ,6.70%,23.10%,29.20%,25.90%,15.30%,$15.89 ,$22.94 ,$25.47 ,$41.06 ,$51.81 ,4.50%,24.40%,28.20%,27.30%,15.60%,$14.19 ,$18.73 ,$20.44 ,$31.83 ,$42.73 ,6.30%,30.70%,32.70%,19.90%,10.30%,$16.71 ,$20.47 ,$22.01 ,$34.66 ,$46.69 ,22.00%,32.40%,26.30%,13.70%,5.70%,$17.66 ,$25.58 ,$28.90 ,$47.76 ,$60.84 ,5.10%,27.50%,27.30%,26.10%,14.10%,$15.07 ,$20.22 ,$22.02 ,$33.73 ,$46.87 ,6.90%,34.10%,31.70%,19.20%,8.00%,$17.93 ,$22.33 ,$24.35 ,$39.56 ,$52.24 ,25.40%,34.70%,23.50%,11.80%,4.60%,$13.44 ,$19.22 ,$21.99 ,$34.47 ,$43.83 ,3.90%,21.10%,29.10%,28.60%,17.20%,$13.30 ,$17.18 ,$19.17 ,$30.31 ,$40.42 ,5.80%,27.80%,33.60%,20.50%,12.30%,$14.50 ,$17.71 ,$19.69 ,$30.18 ,$42.30 ,17.70%,29.40%,29.60%,16.10%,7.20%
2018,$15.94 ,$21.50 ,$23.70 ,$38.87 ,$51.03 ,8.20%,25.90%,28.30%,24.10%,13.50%,$17.70 ,$23.72 ,$26.61 ,$44.97 ,$59.73 ,9.40%,28.80%,26.70%,22.70%,12.30%,$13.36 ,$18.49 ,$20.91 ,$33.03 ,$43.19 ,6.90%,22.80%,30.00%,25.60%,14.70%,$16.05 ,$23.02 ,$25.15 ,$40.49 ,$51.80 ,4.70%,24.20%,28.70%,27.30%,15.20%,$13.31 ,$18.14 ,$19.98 ,$32.00 ,$42.22 ,6.60%,30.40%,33.90%,18.90%,10.20%,$16.44 ,$20.13 ,$21.74 ,$33.19 ,$44.83 ,22.70%,32.10%,26.30%,13.50%,5.40%,$17.96 ,$25.49 ,$28.41 ,$47.28 ,$61.27 ,5.20%,27.30%,27.60%,26.10%,13.80%,$14.27 ,$19.36 ,$21.82 ,$33.42 ,$46.42 ,6.60%,34.50%,32.10%,18.30%,8.40%,$18.05 ,$22.04 ,$24.20 ,$37.27 ,$51.27 ,26.30%,34.30%,23.40%,11.50%,4.40%,$13.45 ,$19.52 ,$21.90 ,$33.78 ,$43.31 ,4.10%,20.90%,29.80%,28.50%,16.60%,$12.48 ,$16.81 ,$18.57 ,$30.85 ,$39.64 ,6.50%,26.80%,35.50%,19.40%,11.70%,$13.47 ,$17.28 ,$19.29 ,$29.47 ,$39.35 ,18.20%,29.20%,29.90%,16.10%,6.60%
2017,$15.92 ,$21.26 ,$23.31 ,$38.65 ,$49.40 ,8.40%,26.10%,28.70%,23.60%,13.20%,$17.63 ,$23.47 ,$25.91 ,$44.50 ,$56.77 ,9.70%,28.90%,27.10%,22.30%,12.10%,$13.39 ,$18.31 ,$20.83 ,$33.01 ,$42.75 ,7.00%,23.20%,30.40%,24.90%,14.40%,$15.96 ,$22.71 ,$24.65 ,$40.07 ,$50.03 ,4.70%,24.60%,29.10%,26.80%,14.80%,$13.93 ,$17.94 ,$19.80 ,$31.49 ,$40.68 ,7.20%,31.00%,34.10%,17.90%,9.80%,$16.34 ,$19.83 ,$21.59 ,$33.07 ,$43.92 ,23.80%,31.30%,26.20%,13.30%,5.40%,$17.82 ,$25.14 ,$27.61 ,$46.44 ,$57.64 ,5.20%,27.60%,28.00%,25.80%,13.40%,$15.00 ,$19.46 ,$21.09 ,$34.41 ,$44.62 ,7.30%,34.60%,32.80%,17.10%,8.10%,$17.91 ,$21.68 ,$23.59 ,$36.62 ,$50.58 ,27.60%,33.50%,23.20%,11.50%,4.30%,$13.46 ,$19.34 ,$21.72 ,$33.76 ,$43.22 ,4.20%,21.30%,30.40%,28.00%,16.20%,$12.99 ,$16.33 ,$18.76 ,$29.19 ,$38.26 ,7.10%,27.90%,35.20%,18.60%,11.30%,$13.36 ,$17.02 ,$19.60 ,$29.69 ,$38.43 ,18.80%,28.60%,30.20%,15.60%,6.80%
2016,$15.45 ,$21.00 ,$23.35 ,$38.73 ,$49.64 ,8.60%,26.30%,29.20%,23.00%,13.00%,$16.95 ,$23.01 ,$25.98 ,$44.98 ,$57.71 ,10.10%,28.80%,27.20%,21.80%,12.00%,$13.11 ,$18.33 ,$20.89 ,$32.66 ,$42.17 ,7.00%,23.50%,31.30%,24.20%,14.00%,$15.38 ,$22.37 ,$24.61 ,$39.95 ,$49.85 ,4.80%,24.80%,29.70%,26.00%,14.60%,$13.48 ,$17.95 ,$20.28 ,$32.10 ,$41.26 ,7.40%,31.20%,34.40%,17.80%,9.20%,$16.02 ,$19.47 ,$21.33 ,$34.28 ,$43.92 ,24.30%,31.30%,26.60%,12.30%,5.50%,$16.96 ,$24.73 ,$27.49 ,$46.78 ,$58.13 ,5.60%,27.50%,28.30%,25.00%,13.60%,$14.64 ,$19.07 ,$22.15 ,$35.36 ,$45.54 ,7.70%,35.50%,32.00%,17.00%,7.80%,$17.37 ,$21.05 ,$23.43 ,$38.94 ,$50.81 ,28.20%,32.90%,23.20%,11.00%,4.60%,$12.98 ,$19.21 ,$21.83 ,$33.23 ,$42.24 ,3.90%,21.90%,31.20%,27.10%,15.80%,$12.42 ,$16.71 ,$18.88 ,$29.56 ,$38.55 ,7.20%,27.50%,36.40%,18.50%,10.50%,$13.40 ,$17.11 ,$19.26 ,$29.41 ,$37.77 ,19.20%,29.10%,31.00%,13.90%,6.80%
2015,$15.25 ,$20.81 ,$23.17 ,$37.96 ,$48.42 ,8.80%,26.50%,29.20%,22.90%,12.60%,$16.63 ,$22.93 ,$25.99 ,$43.47 ,$56.32 ,10.30%,28.80%,27.30%,22.00%,11.70%,$13.09 ,$18.05 ,$20.54 ,$32.54 ,$41.16 ,7.10%,23.90%,31.30%,24.00%,13.60%,$15.34 ,$22.12 ,$24.52 ,$39.19 ,$49.00 ,4.90%,25.10%,29.90%,25.80%,14.30%,$13.64 ,$17.62 ,$19.59 ,$32.06 ,$41.13 ,7.10%,31.50%,34.50%,17.90%,9.00%,$15.46 ,$19.31 ,$21.00 ,$33.16 ,$42.02 ,25.70%,31.10%,26.10%,12.00%,5.00%,$17.16 ,$24.56 ,$27.64 ,$45.39 ,$57.37 ,5.60%,27.60%,28.50%,25.20%,13.10%,$14.55 ,$18.93 ,$21.08 ,$34.19 ,$47.54 ,7.60%,36.00%,31.90%,17.10%,7.30%,$16.52 ,$20.92 ,$23.32 ,$36.63 ,$48.49 ,29.80%,32.40%,23.10%,10.60%,4.10%,$12.68 ,$18.90 ,$21.49 ,$32.88 ,$41.41 ,4.10%,22.40%,31.50%,26.50%,15.50%,$12.79 ,$16.21 ,$18.50 ,$30.42 ,$37.37 ,6.70%,27.80%,36.50%,18.50%,10.40%,$13.42 ,$16.99 ,$18.66 ,$29.71 ,$36.37 ,20.50%,29.30%,30.10%,14.00%,6.20%
2014,$14.66 ,$20.34 ,$22.48 ,$36.47 ,$47.27 ,8.70%,27.10%,29.60%,22.50%,12.10%,$15.95 ,$22.40 ,$24.96 ,$41.14 ,$54.63 ,10.30%,29.30%,27.80%,21.30%,11.30%,$12.60 ,$17.72 ,$20.14 ,$31.98 ,$40.34 ,7.00%,24.70%,31.60%,23.80%,12.90%,$14.92 ,$21.65 ,$23.70 ,$37.61 ,$47.46 ,4.90%,26.00%,30.30%,25.30%,13.60%,$13.43 ,$17.61 ,$19.40 ,$30.82 ,$40.07 ,7.40%,31.50%,35.30%,16.80%,9.00%,$14.77 ,$18.43 ,$20.21 ,$31.80 ,$44.35 ,25.70%,31.40%,26.20%,12.20%,4.60%,$16.65 ,$24.08 ,$26.50 ,$42.79 ,$55.03 ,5.50%,28.40%,28.90%,24.50%,12.70%,$14.28 ,$19.08 ,$20.77 ,$31.67 ,$43.76 ,8.60%,35.20%,33.10%,15.80%,7.30%,$15.85 ,$19.70 ,$22.17 ,$35.17 ,$52.55 ,30.00%,32.70%,23.10%,10.40%,3.80%,$12.54 ,$18.51 ,$20.99 ,$32.46 ,$40.41 ,4.20%,23.40%,31.70%,26.20%,14.50%,$12.47 ,$16.09 ,$18.39 ,$30.20 ,$37.88 ,6.40%,28.50%,37.10%,17.70%,10.30%,$12.61 ,$16.55 ,$18.22 ,$28.53 ,$37.16 ,20.00%,29.50%,30.30%,14.40%,5.70%
2013,$14.62 ,$20.31 ,$22.50 ,$37.00 ,$48.54 ,8.80%,26.90%,30.00%,22.40%,11.80%,$15.86 ,$22.28 ,$25.07 ,$42.34 ,$56.35 ,10.50%,29.00%,27.90%,21.40%,11.20%,$12.62 ,$17.84 ,$20.12 ,$31.79 ,$41.03 ,7.00%,24.80%,32.30%,23.50%,12.50%,$14.76 ,$21.54 ,$23.69 ,$38.17 ,$49.14 ,4.90%,25.90%,30.70%,25.30%,13.20%,$13.40 ,$17.66 ,$19.38 ,$31.11 ,$41.60 ,7.30%,31.30%,35.40%,17.30%,8.60%,$14.83 ,$18.39 ,$20.21 ,$32.14 ,$44.03 ,26.80%,31.40%,25.90%,11.40%,4.50%,$16.37 ,$23.84 ,$26.66 ,$43.94 ,$57.40 ,5.60%,28.10%,29.10%,24.70%,12.60%,$14.39 ,$18.70 ,$20.78 ,$33.18 ,$46.74 ,8.00%,34.70%,33.70%,16.30%,7.20%,$15.80 ,$19.86 ,$21.76 ,$36.30 ,$51.37 ,31.50%,32.60%,22.30%,9.70%,3.90%,$12.47 ,$18.62 ,$20.86 ,$32.33 ,$41.24 ,4.20%,23.50%,32.50%,25.90%,13.90%,$12.41 ,$16.60 ,$18.32 ,$29.57 ,$38.40 ,6.70%,28.50%,36.80%,18.20%,9.70%,$12.80 ,$16.23 ,$18.70 ,$28.20 ,$36.92 ,20.40%,29.70%,30.80%,13.80%,5.40%
2012,$14.80 ,$20.50 ,$22.56 ,$36.76 ,$48.47 ,9.10%,27.30%,30.00%,22.00%,11.50%,$16.15 ,$22.65 ,$25.05 ,$42.25 ,$56.26 ,10.70%,29.40%,27.90%,21.00%,11.10%,$12.72 ,$17.82 ,$20.26 ,$31.45 ,$40.83 ,7.40%,25.10%,32.30%,23.20%,12.00%,$15.28 ,$21.77 ,$23.63 ,$37.85 ,$49.43 ,5.10%,26.30%,30.90%,24.90%,12.90%,$13.12 ,$17.92 ,$19.77 ,$31.08 ,$40.89 ,7.40%,32.10%,35.40%,16.90%,8.20%,$14.79 ,$18.37 ,$20.55 ,$31.28 ,$43.47 ,28.00%,31.10%,25.50%,10.90%,4.40%,$16.96 ,$24.26 ,$26.43 ,$43.72 ,$57.80 ,5.70%,28.60%,29.10%,24.10%,12.40%,$14.12 ,$19.28 ,$21.24 ,$33.50 ,$46.59 ,7.90%,36.10%,33.80%,15.20%,6.90%,$15.91 ,$19.76 ,$22.35 ,$35.33 ,$48.50 ,32.60%,32.20%,22.40%,9.10%,3.70%,$12.95 ,$18.59 ,$20.96 ,$31.96 ,$41.14 ,4.40%,23.90%,32.70%,25.60%,13.40%,$12.20 ,$16.52 ,$18.66 ,$29.43 ,$37.46 ,7.00%,28.80%,36.70%,18.20%,9.30%,$12.61 ,$16.41 ,$18.78 ,$27.58 ,$38.91 ,22.00%,29.80%,29.70%,13.10%,5.40%
2011,$14.96 ,$20.67 ,$22.90 ,$36.44 ,$47.56 ,9.40%,27.90%,29.80%,21.50%,11.40%,$16.16 ,$22.81 ,$25.34 ,$41.41 ,$54.15 ,11.10%,29.90%,27.70%,20.40%,10.90%,$13.07 ,$18.01 ,$20.64 ,$31.63 ,$41.18 ,7.60%,25.80%,32.00%,22.60%,12.00%,$15.18 ,$21.89 ,$23.83 ,$37.43 ,$48.29 ,5.30%,26.90%,30.80%,24.20%,12.80%,$14.04 ,$17.84 ,$19.84 ,$31.86 ,$40.10 ,8.20%,32.70%,34.60%,16.50%,8.00%,$14.96 ,$18.55 ,$21.17 ,$31.41 ,$43.99 ,29.20%,31.80%,24.80%,10.10%,4.10%,$16.91 ,$24.43 ,$26.56 ,$42.79 ,$55.19 ,5.90%,29.00%,29.20%,23.60%,12.30%,$14.66 ,$19.07 ,$21.31 ,$33.82 ,$43.52 ,9.10%,37.00%,32.00%,15.10%,6.80%,$15.87 ,$19.90 ,$22.80 ,$34.57 ,$48.76 ,33.70%,32.40%,21.80%,8.70%,3.30%,$12.91 ,$18.76 ,$21.26 ,$32.08 ,$41.60 ,4.70%,24.70%,32.50%,24.80%,13.30%,$13.40 ,$16.56 ,$18.80 ,$30.49 ,$38.01 ,7.40%,29.20%,36.70%,17.70%,9.00%,$13.06 ,$16.56 ,$19.44 ,$28.19 ,$39.59 ,22.90%,30.90%,29.00%,12.10%,5.10%
2010,$15.04 ,$21.06 ,$23.56 ,$37.42 ,$48.80 ,9.50%,28.20%,29.60%,21.50%,11.10%,$16.32 ,$23.28 ,$26.24 ,$42.71 ,$55.87 ,11.30%,29.90%,27.30%,20.60%,10.90%,$13.08 ,$18.43 ,$21.16 ,$32.33 ,$41.73 ,7.70%,26.40%,31.90%,22.50%,11.40%,$15.20 ,$22.11 ,$24.46 ,$38.62 ,$49.58 ,5.40%,27.50%,30.50%,24.00%,12.50%,$14.40 ,$18.45 ,$20.88 ,$31.64 ,$39.30 ,8.70%,32.60%,34.50%,16.50%,7.70%,$15.00 ,$19.27 ,$21.53 ,$32.84 ,$47.29 ,30.00%,31.10%,23.90%,10.90%,4.00%,$17.00 ,$24.74 ,$27.46 ,$44.36 ,$57.29 ,6.00%,29.30%,28.70%,23.60%,12.30%,$15.19 ,$19.61 ,$22.62 ,$33.28 ,$41.67 ,9.60%,36.00%,32.60%,14.90%,6.80%,$16.02 ,$20.87 ,$23.43 ,$37.49 ,$52.64 ,34.70%,32.10%,20.40%,9.20%,3.60%,$12.86 ,$19.02 ,$21.73 ,$32.91 ,$41.96 ,4.80%,25.70%,32.40%,24.40%,12.80%,$13.63 ,$17.33 ,$19.61 ,$30.53 ,$37.74 ,8.00%,30.00%,35.90%,17.80%,8.30%,$12.89 ,$16.85 ,$19.65 ,$28.39 ,$41.27 ,23.50%,29.70%,28.90%,13.40%,4.50%
2009,$15.41 ,$21.42 ,$23.82 ,$37.30 ,$49.12 ,10.00%,28.30%,29.70%,21.20%,10.80%,$16.91 ,$23.74 ,$26.75 ,$43.04 ,$56.35 ,11.70%,30.00%,27.40%,20.20%,10.70%,$13.14 ,$18.70 ,$21.22 ,$31.84 ,$41.80 ,8.10%,26.60%,32.00%,22.20%,11.00%,$15.62 ,$22.51 ,$24.73 ,$38.39 ,$49.80 ,5.80%,27.70%,30.80%,23.60%,12.10%,$14.07 ,$18.69 ,$20.82 ,$31.42 ,$41.35 ,8.90%,33.20%,34.50%,16.10%,7.30%,$15.50 ,$19.49 ,$21.93 ,$33.64 ,$46.38 ,31.10%,31.30%,23.40%,10.40%,3.80%,$17.67 ,$25.28 ,$27.97 ,$44.76 ,$57.64 ,6.50%,29.40%,29.00%,23.10%,12.00%,$15.00 ,$20.15 ,$22.19 ,$33.98 ,$44.31 ,9.50%,37.00%,31.80%,15.10%,6.60%,$16.62 ,$20.86 ,$24.29 ,$37.94 ,$50.66 ,35.60%,32.20%,19.80%,8.80%,3.60%,$12.92 ,$19.31 ,$21.78 ,$32.18 ,$41.95 ,5.10%,26.00%,32.60%,24.10%,12.30%,$13.23 ,$17.26 ,$19.88 ,$29.59 ,$39.37 ,8.50%,30.20%,36.70%,16.80%,7.80%,$13.24 ,$17.43 ,$19.63 ,$29.44 ,$41.34 ,24.70%,30.00%,28.50%,12.60%,4.20%
2008,$15.08 ,$20.93 ,$23.52 ,$37.04 ,$47.55 ,10.50%,28.80%,29.40%,20.80%,10.40%,$16.56 ,$23.30 ,$26.32 ,$42.34 ,$54.06 ,12.40%,30.40%,27.10%,19.90%,10.20%,$12.80 ,$18.09 ,$20.99 ,$31.83 ,$40.90 ,8.50%,27.10%,32.00%,21.70%,10.70%,$15.25 ,$22.01 ,$24.37 ,$38.09 ,$48.15 ,6.30%,28.20%,30.60%,23.10%,11.70%,$13.69 ,$18.05 ,$20.60 ,$31.33 ,$40.21 ,10.10%,34.20%,33.00%,15.90%,6.80%,$15.31 ,$19.14 ,$21.85 ,$32.62 ,$43.09 ,31.60%,31.20%,23.50%,9.90%,3.80%,$17.22 ,$24.78 ,$27.52 ,$44.01 ,$54.98 ,7.10%,29.90%,28.80%,22.80%,11.50%,$14.69 ,$19.42 ,$22.05 ,$32.45 ,$42.87 ,10.60%,37.50%,30.70%,14.90%,6.40%,$16.38 ,$20.73 ,$23.81 ,$36.61 ,$48.34 ,36.50%,31.90%,20.00%,8.30%,3.40%,$12.58 ,$18.74 ,$21.47 ,$32.08 ,$41.32 ,5.50%,26.40%,32.60%,23.50%,12.00%,$12.78 ,$16.69 ,$19.55 ,$30.50 ,$38.24 ,9.70%,31.40%,35.00%,16.70%,7.10%,$13.02 ,$16.70 ,$19.86 ,$28.68 ,$37.34 ,24.50%,30.20%,28.60%,12.20%,4.50%
2007,$15.19 ,$21.04 ,$23.84 ,$37.23 ,$47.31 ,11.40%,29.40%,28.90%,20.30%,10.00%,$16.60 ,$23.39 ,$26.66 ,$42.55 ,$53.61 ,13.40%,30.70%,26.60%,19.40%,9.90%,$12.96 ,$18.26 ,$21.25 ,$31.96 ,$40.68 ,9.20%,28.10%,31.30%,21.30%,10.20%,$15.36 ,$22.10 ,$24.70 ,$38.32 ,$48.10 ,6.90%,29.00%,30.30%,22.50%,11.30%,$14.23 ,$18.26 ,$21.16 ,$30.95 ,$40.06 ,10.50%,35.10%,32.10%,15.70%,6.60%,$15.30 ,$19.20 ,$21.93 ,$33.05 ,$44.75 ,34.40%,30.70%,21.70%,9.80%,3.50%,$17.08 ,$24.83 ,$27.85 ,$44.26 ,$55.17 ,7.70%,30.60%,28.50%,22.00%,11.30%,$15.41 ,$19.36 ,$22.59 ,$32.47 ,$41.87 ,11.40%,37.30%,30.40%,15.00%,6.00%,$16.45 ,$20.78 ,$23.92 ,$36.14 ,$49.20 ,39.80%,30.60%,18.20%,8.40%,3.00%,$13.04 ,$18.84 ,$21.74 ,$32.34 ,$40.71 ,6.10%,27.30%,32.20%,23.10%,11.40%,$13.08 ,$17.22 ,$20.07 ,$29.77 ,$38.75 ,9.80%,33.20%,33.60%,16.30%,7.00%,$12.76 ,$16.91 ,$19.94 ,$29.81 ,$40.13 ,26.40%,30.80%,26.80%,11.80%,4.20%
2006,$14.90 ,$21.17 ,$23.69 ,$36.99 ,$47.23 ,11.90%,29.60%,29.10%,19.60%,9.80%,$16.31 ,$23.55 ,$26.39 ,$41.97 ,$53.50 ,13.90%,30.90%,26.70%,18.70%,9.70%,$12.71 ,$18.32 ,$21.22 ,$32.08 ,$40.46 ,9.70%,28.20%,31.70%,20.60%,9.80%,$15.08 ,$22.17 ,$24.53 ,$38.03 ,$47.96 ,7.50%,29.30%,30.50%,21.70%,10.90%,$14.05 ,$18.52 ,$21.09 ,$31.95 ,$40.49 ,11.50%,34.40%,32.40%,15.30%,6.40%,$14.91 ,$19.15 ,$21.74 ,$31.61 ,$42.67 ,35.10%,30.60%,21.70%,9.10%,3.50%,$17.02 ,$24.96 ,$27.52 ,$43.55 ,$54.80 ,8.40%,30.80%,28.60%,21.20%,11.00%,$14.85 ,$20.08 ,$22.65 ,$33.84 ,$44.14 ,12.60%,37.10%,30.20%,14.40%,5.60%,$15.98 ,$20.61 ,$23.77 ,$34.39 ,$45.71 ,39.60%,31.00%,18.50%,7.60%,3.30%,$12.41 ,$18.89 ,$21.72 ,$32.44 ,$40.59 ,6.50%,27.80%,32.50%,22.30%,10.90%,$13.25 ,$17.02 ,$19.94 ,$30.53 ,$38.06 ,10.50%,32.10%,34.30%,16.00%,7.00%,$12.68 ,$16.90 ,$19.62 ,$28.80 ,$38.93 ,28.40%,29.90%,26.50%,11.30%,3.90%
2005,$14.96 ,$21.07 ,$23.76 ,$36.89 ,$47.09 ,12.00%,29.80%,29.20%,19.30%,9.70%,$16.46 ,$23.34 ,$26.49 ,$41.96 ,$53.29 ,14.00%,30.90%,26.80%,18.60%,9.70%,$12.64 ,$18.41 ,$21.25 ,$31.82 ,$40.39 ,9.80%,28.60%,31.80%,20.10%,9.70%,$15.19 ,$22.09 ,$24.60 ,$38.11 ,$47.60 ,7.50%,29.50%,30.60%,21.40%,10.90%,$13.90 ,$18.46 ,$20.69 ,$31.12 ,$40.20 ,11.40%,35.80%,31.90%,14.50%,6.30%,$15.01 ,$18.97 ,$21.83 ,$31.79 ,$43.06 ,36.20%,30.10%,21.70%,8.70%,3.20%,$17.14 ,$24.75 ,$27.62 ,$43.69 ,$54.19 ,8.40%,30.80%,28.60%,21.20%,11.00%,$14.90 ,$19.88 ,$22.05 ,$33.60 ,$43.30 ,12.60%,38.80%,29.70%,13.70%,5.20%,$16.13 ,$20.30 ,$23.83 ,$34.73 ,$47.16 ,40.90%,30.20%,18.50%,7.50%,2.90%,$12.54 ,$19.00 ,$21.79 ,$32.33 ,$40.48 ,6.60%,28.10%,32.70%,21.70%,10.80%,$12.90 ,$17.07 ,$19.69 ,$29.25 ,$38.33 ,10.50%,33.30%,33.80%,15.20%,7.20%,$12.64 ,$16.96 ,$19.73 ,$28.61 ,$38.19 ,29.20%,30.00%,26.60%,10.50%,3.70%
2004,$15.13 ,$21.33 ,$24.11 ,$36.78 ,$47.48 ,11.90%,30.10%,29.00%,19.40%,9.50%,$16.66 ,$23.74 ,$27.03 ,$41.74 ,$53.92 ,14.00%,30.80%,26.60%,18.90%,9.70%,$12.77 ,$18.59 ,$21.46 ,$31.66 ,$40.32 ,9.80%,29.40%,31.60%,19.80%,9.40%,$15.26 ,$22.31 ,$24.97 ,$37.76 ,$48.14 ,7.60%,29.80%,30.30%,21.50%,10.70%,$14.13 ,$18.92 ,$21.26 ,$32.15 ,$40.01 ,11.40%,36.10%,31.50%,15.20%,5.80%,$15.21 ,$19.07 ,$22.03 ,$32.37 ,$41.98 ,36.10%,30.00%,21.70%,8.90%,3.20%,$17.09 ,$25.15 ,$28.26 ,$43.28 ,$55.06 ,8.60%,30.60%,28.30%,21.50%,10.90%,$15.58 ,$20.40 ,$22.96 ,$34.66 ,$42.35 ,12.00%,38.90%,29.40%,14.30%,5.30%,$16.38 ,$20.34 ,$23.92 ,$34.85 ,$46.33 ,41.30%,29.70%,18.50%,7.80%,2.70%,$12.74 ,$19.12 ,$21.93 ,$31.88 ,$40.47 ,6.60%,29.00%,32.50%,21.50%,10.50%,$12.81 ,$17.51 ,$20.01 ,$30.28 ,$38.36 ,10.90%,33.80%,33.10%,15.90%,6.20%,$12.69 ,$17.24 ,$20.08 ,$29.68 ,$37.50 ,28.50%,30.40%,26.50%,10.60%,3.90%
2003,$15.27 ,$21.50 ,$24.19 ,$37.14 ,$46.79 ,12.30%,30.20%,29.00%,19.20%,9.20%,$16.79 ,$23.89 ,$27.04 ,$42.18 ,$52.49 ,14.30%,30.80%,26.60%,18.80%,9.50%,$12.97 ,$18.85 ,$21.60 ,$32.00 ,$40.38 ,10.10%,29.70%,31.50%,19.70%,9.00%,$15.49 ,$22.38 ,$24.96 ,$38.38 ,$47.70 ,7.90%,30.20%,30.20%,21.20%,10.40%,$14.77 ,$19.18 ,$21.64 ,$31.53 ,$38.38 ,12.20%,34.80%,32.50%,15.00%,5.50%,$15.19 ,$19.39 ,$21.99 ,$32.35 ,$41.33 ,36.80%,30.00%,21.50%,8.70%,3.10%,$17.44 ,$25.11 ,$28.20 ,$43.94 ,$53.85 ,8.90%,30.80%,28.10%,21.40%,10.80%,$16.55 ,$20.87 ,$23.21 ,$32.26 ,$39.33 ,13.00%,37.50%,31.20%,13.70%,4.70%,$16.23 ,$20.80 ,$23.82 ,$35.77 ,$45.53 ,41.60%,29.70%,18.20%,7.60%,3.00%,$12.84 ,$19.40 ,$22.00 ,$32.42 ,$40.85 ,6.90%,29.70%,32.30%,21.00%,10.10%,$13.13 ,$17.59 ,$20.45 ,$31.02 ,$37.78 ,11.50%,32.60%,33.70%,16.00%,6.10%,$13.04 ,$17.38 ,$20.13 ,$28.66 ,$35.91 ,29.70%,30.40%,26.20%,10.30%,3.40%
2002,$15.18 ,$21.39 ,$24.25 ,$37.26 ,$47.36 ,12.40%,30.60%,29.00%,18.90%,9.00%,$16.70 ,$23.92 ,$27.10 ,$42.36 ,$53.17 ,14.30%,31.00%,26.90%,18.50%,9.40%,$12.93 ,$18.59 ,$21.59 ,$32.01 ,$40.55 ,10.40%,30.20%,31.30%,19.40%,8.60%,$15.48 ,$22.37 ,$25.15 ,$38.47 ,$47.87 ,8.20%,30.60%,30.10%,20.90%,10.30%,$14.47 ,$18.75 ,$21.25 ,$31.68 ,$40.62 ,12.80%,35.00%,33.10%,14.00%,5.20%,$15.05 ,$18.97 ,$22.11 ,$31.47 ,$42.54 ,36.70%,30.20%,21.50%,8.60%,3.00%,$17.41 ,$25.28 ,$28.33 ,$43.98 ,$53.91 ,9.10%,31.00%,28.40%,20.90%,10.70%,$16.04 ,$20.12 ,$22.74 ,$33.88 ,$43.28 ,14.20%,37.80%,30.70%,12.70%,4.60%,$16.17 ,$20.67 ,$24.10 ,$34.30 ,$46.80 ,41.50%,29.50%,18.70%,7.60%,2.70%,$12.92 ,$19.18 ,$22.12 ,$32.58 ,$40.77 ,7.30%,30.20%,31.90%,20.90%,9.80%,$12.84 ,$17.41 ,$20.15 ,$30.11 ,$38.80 ,11.60%,32.60%,35.20%,15.00%,5.70%,$12.80 ,$16.66 ,$20.03 ,$28.39 ,$37.85 ,29.80%,31.20%,25.50%,10.00%,3.40%
2001,$14.88 ,$21.10 ,$24.05 ,$37.07 ,$46.23 ,12.80%,30.90%,29.10%,18.40%,8.80%,$16.23 ,$23.67 ,$27.12 ,$42.14 ,$51.54 ,14.60%,31.00%,27.00%,18.20%,9.20%,$12.90 ,$18.28 ,$21.18 ,$31.72 ,$39.94 ,10.80%,30.70%,31.40%,18.70%,8.40%,$15.17 ,$22.03 ,$24.93 ,$38.13 ,$46.87 ,8.60%,30.90%,30.20%,20.40%,10.00%,$14.03 ,$18.51 ,$20.99 ,$31.42 ,$39.68 ,13.00%,35.60%,32.70%,13.60%,5.20%,$14.80 ,$18.85 ,$21.86 ,$32.18 ,$39.53 ,37.80%,30.00%,21.30%,7.90%,3.00%,$16.90 ,$25.00 ,$28.34 ,$43.59 ,$52.38 ,9.40%,31.20%,28.50%,20.60%,10.40%,$15.03 ,$20.12 ,$22.80 ,$33.27 ,$43.21 ,14.20%,38.70%,30.00%,12.50%,4.70%,$15.76 ,$20.34 ,$23.83 ,$35.28 ,$42.04 ,42.80%,28.80%,18.70%,7.10%,2.60%,$12.88 ,$18.79 ,$21.67 ,$32.14 ,$40.36 ,7.70%,30.60%,32.00%,20.20%,9.50%,$13.04 ,$16.97 ,$19.70 ,$30.11 ,$37.22 ,11.90%,33.10%,35.00%,14.50%,5.60%,$12.83 ,$16.88 ,$19.71 ,$28.71 ,$36.79 ,30.50%,31.90%,25.00%,9.20%,3.50%
2000,$14.67 ,$20.80 ,$23.68 ,$36.44 ,$45.99 ,13.10%,31.30%,28.70%,18.20%,8.60%,$16.13 ,$23.48 ,$26.78 ,$41.41 ,$51.48 ,15.00%,31.30%,26.70%,17.90%,9.00%,$12.52 ,$17.87 ,$20.76 ,$31.19 ,$39.36 ,11.10%,31.20%,30.90%,18.50%,8.20%,$14.92 ,$21.67 ,$24.45 ,$37.46 ,$46.57 ,9.10%,31.40%,29.80%,20.10%,9.70%,$14.10 ,$18.36 ,$20.99 ,$31.00 ,$40.75 ,13.30%,36.20%,32.10%,13.10%,5.30%,$14.54 ,$18.50 ,$21.58 ,$31.02 ,$41.42 ,37.90%,29.80%,21.40%,8.00%,3.00%,$16.72 ,$24.80 ,$27.86 ,$42.90 ,$52.25 ,10.00%,31.30%,28.00%,20.40%,10.20%,$15.26 ,$19.98 ,$22.90 ,$32.07 ,$45.84 ,14.40%,38.50%,29.60%,12.40%,5.00%,$15.68 ,$19.92 ,$23.57 ,$33.68 ,$46.32 ,42.50%,29.10%,18.90%,6.80%,2.70%,$12.51 ,$18.29 ,$21.18 ,$31.44 ,$39.68 ,8.00%,31.40%,31.60%,19.90%,9.10%,$12.95 ,$16.81 ,$19.59 ,$30.18 ,$36.87 ,12.30%,34.20%,34.10%,13.70%,5.60%,$12.29 ,$16.53 ,$19.38 ,$28.28 ,$35.66 ,31.20%,30.70%,25.00%,9.70%,3.40%
1999,$14.61 ,$20.67 ,$23.36 ,$35.76 ,$46.02 ,13.00%,31.70%,28.80%,18.10%,8.50%,$16.16 ,$23.31 ,$26.34 ,$40.71 ,$51.52 ,14.60%,31.80%,26.80%,17.80%,8.90%,$12.42 ,$17.78 ,$20.55 ,$30.53 ,$39.36 ,11.20%,31.50%,30.90%,18.30%,8.00%,$14.97 ,$21.44 ,$24.18 ,$36.64 ,$46.77 ,9.50%,31.80%,29.30%,19.90%,9.50%,$13.92 ,$18.19 ,$20.54 ,$30.96 ,$39.41 ,13.00%,36.50%,32.80%,12.80%,5.00%,$14.30 ,$18.65 ,$21.00 ,$31.28 ,$43.81 ,37.20%,29.80%,22.10%,7.90%,2.90%,$16.81 ,$24.40 ,$27.44 ,$41.96 ,$52.44 ,10.50%,31.70%,27.70%,20.00%,10.10%,$15.28 ,$20.01 ,$22.34 ,$32.82 ,$42.90 ,13.40%,39.50%,30.60%,12.10%,4.40%,$15.44 ,$20.34 ,$22.90 ,$34.39 ,$50.16 ,41.70%,29.30%,19.30%,6.90%,2.80%,$12.42 ,$18.22 ,$21.01 ,$30.77 ,$39.76 ,8.30%,31.80%,31.20%,19.80%,8.90%,$12.72 ,$16.42 ,$19.21 ,$29.54 ,$37.04 ,12.60%,34.00%,34.70%,13.30%,5.40%,$12.16 ,$16.38 ,$19.03 ,$28.09 ,$35.95 ,31.10%,30.40%,26.00%,9.40%,3.10%
1998,$14.57 ,$20.39 ,$23.02 ,$34.97 ,$44.49 ,13.40%,31.90%,28.70%,17.80%,8.20%,$16.04 ,$22.99 ,$25.86 ,$39.63 ,$49.41 ,15.30%,31.90%,26.70%,17.50%,8.60%,$12.40 ,$17.54 ,$20.34 ,$30.01 ,$38.56 ,11.30%,31.90%,30.90%,18.00%,7.80%,$15.01 ,$21.15 ,$23.74 ,$35.87 ,$45.34 ,9.70%,32.10%,29.50%,19.60%,9.20%,$13.69 ,$17.88 ,$20.59 ,$30.18 ,$38.59 ,14.50%,36.60%,31.40%,12.80%,4.70%,$14.13 ,$18.52 ,$21.10 ,$30.79 ,$39.21 ,38.30%,28.90%,22.10%,7.80%,2.90%,$16.88 ,$24.06 ,$26.88 ,$40.98 ,$50.69 ,10.80%,32.10%,27.80%,19.60%,9.70%,$14.74 ,$19.60 ,$22.33 ,$32.05 ,$41.17 ,16.20%,38.40%,29.00%,12.30%,4.00%,$15.14 ,$20.18 ,$22.84 ,$33.66 ,$42.99 ,42.90%,28.00%,19.40%,7.00%,2.70%,$12.43 ,$17.97 ,$20.71 ,$30.28 ,$38.80 ,8.50%,32.10%,31.30%,19.50%,8.60%,$12.57 ,$16.25 ,$19.29 ,$28.68 ,$36.92 ,13.00%,35.00%,33.50%,13.20%,5.30%,$12.10 ,$16.27 ,$19.21 ,$27.55 ,$34.36 ,31.60%,30.20%,26.10%,9.10%,3.10%
1997,$14.07 ,$19.95 ,$22.54 ,$33.44 ,$43.68 ,13.30%,32.50%,28.70%,17.50%,7.90%,$15.44 ,$22.58 ,$25.33 ,$37.84 ,$48.47 ,15.30%,32.30%,26.90%,17.20%,8.40%,$12.02 ,$17.11 ,$19.85 ,$28.84 ,$37.80 ,11.20%,32.80%,30.60%,18.00%,7.40%,$14.44 ,$20.72 ,$23.29 ,$34.27 ,$44.54 ,9.60%,32.80%,29.40%,19.30%,8.80%,$13.53 ,$17.43 ,$19.89 ,$28.11 ,$36.01 ,14.80%,37.40%,31.10%,12.20%,4.50%,$13.61 ,$17.85 ,$20.37 ,$29.64 ,$38.56 ,38.20%,29.20%,22.30%,7.50%,2.80%,$16.20 ,$23.71 ,$26.42 ,$38.95 ,$49.60 ,10.80%,32.60%,28.00%,19.30%,9.40%,$14.71 ,$19.11 ,$21.36 ,$30.09 ,$39.08 ,16.60%,39.20%,28.80%,11.40%,3.90%,$14.46 ,$19.44 ,$22.11 ,$31.80 ,$40.93 ,42.70%,28.00%,19.90%,6.60%,2.80%,$11.98 ,$17.51 ,$20.23 ,$29.21 ,$38.30 ,8.40%,33.00%,31.00%,19.30%,8.30%,$12.25 ,$15.83 ,$18.78 ,$26.60 ,$33.90 ,13.20%,35.80%,33.10%,12.90%,4.90%,$11.83 ,$15.66 ,$18.37 ,$27.23 ,$34.91 ,31.30%,31.00%,26.10%,8.90%,2.80%
1996,$13.95 ,$19.62 ,$22.11 ,$32.50 ,$43.35 ,13.10%,32.50%,29.20%,17.30%,8.00%,$15.45 ,$22.11 ,$24.79 ,$36.80 ,$47.89 ,14.90%,32.40%,27.20%,16.90%,8.50%,$11.75 ,$16.92 ,$19.55 ,$27.98 ,$37.61 ,11.10%,32.60%,31.30%,17.60%,7.40%,$14.25 ,$20.39 ,$22.86 ,$33.33 ,$44.07 ,9.70%,32.70%,29.80%,18.90%,8.90%,$13.58 ,$16.90 ,$19.12 ,$27.48 ,$36.19 ,14.60%,36.60%,32.00%,12.10%,4.60%,$13.57 ,$17.41 ,$20.05 ,$28.59 ,$41.41 ,37.80%,30.00%,22.00%,7.50%,2.80%,$16.11 ,$23.23 ,$25.80 ,$37.90 ,$48.96 ,10.70%,32.60%,28.20%,19.00%,9.50%,$15.17 ,$18.12 ,$20.71 ,$29.62 ,$36.79 ,16.70%,38.90%,29.50%,10.40%,4.30%,$14.43 ,$18.80 ,$21.71 ,$30.18 ,$43.30 ,42.70%,28.90%,18.90%,6.70%,2.80%,$11.73 ,$17.32 ,$19.98 ,$28.32 ,$37.88 ,8.70%,32.80%,31.50%,18.90%,8.20%,$11.77 ,$15.70 ,$17.92 ,$26.03 ,$35.73 ,12.80%,34.60%,34.20%,13.50%,4.90%,$11.77 ,$15.53 ,$18.28 ,$26.75 ,$38.63 ,30.50%,31.60%,26.50%,8.60%,2.80%
1995,$13.95 ,$19.68 ,$22.04 ,$32.86 ,$43.27 ,13.00%,32.70%,29.60%,16.80%,7.90%,$15.39 ,$22.20 ,$24.78 ,$37.07 ,$47.93 ,14.70%,32.40%,27.50%,16.80%,8.50%,$11.84 ,$16.95 ,$19.43 ,$28.21 ,$37.21 ,11.10%,33.00%,31.90%,16.80%,7.20%,$14.40 ,$20.36 ,$22.60 ,$33.52 ,$43.72 ,9.70%,32.80%,30.10%,18.40%,8.90%,$13.66 ,$17.08 ,$19.66 ,$28.80 ,$38.50 ,14.40%,37.10%,32.10%,12.10%,4.40%,$13.22 ,$17.72 ,$20.42 ,$28.40 ,$42.02 ,38.10%,29.20%,23.00%,7.00%,2.60%,$16.18 ,$23.21 ,$25.62 ,$38.04 ,$48.72 ,10.70%,32.50%,28.30%,18.90%,9.70%,$15.14 ,$18.59 ,$21.05 ,$29.82 ,$39.26 ,15.80%,39.60%,29.30%,11.30%,4.00%,$14.13 ,$19.09 ,$22.31 ,$30.07 ,$45.82 ,42.80%,27.70%,20.90%,6.00%,2.70%,$11.97 ,$17.32 ,$19.69 ,$28.33 ,$37.12 ,8.60%,33.20%,32.10%,18.00%,8.10%,$12.07 ,$15.53 ,$18.59 ,$27.99 ,$37.90 ,13.20%,34.90%,34.50%,12.70%,4.70%,$11.35 ,$15.91 ,$18.17 ,$26.66 ,$36.22 ,31.20%,31.40%,26.20%,8.60%,2.60%
1994,$14.33 ,$19.88 ,$22.26 ,$32.72 ,$43.46 ,13.00%,33.30%,29.20%,16.80%,7.70%,$15.72 ,$22.39 ,$24.89 ,$36.89 ,$47.61 ,14.90%,32.80%,27.20%,16.80%,8.30%,$12.26 ,$17.20 ,$19.76 ,$28.08 ,$38.13 ,11.00%,33.90%,31.40%,16.70%,7.10%,$14.72 ,$20.47 ,$22.81 ,$33.40 ,$43.91 ,9.80%,33.70%,29.70%,18.20%,8.60%,$14.27 ,$17.45 ,$20.01 ,$28.40 ,$37.79 ,15.10%,36.90%,31.40%,12.40%,4.20%,$13.54 ,$18.40 ,$20.53 ,$29.49 ,$42.28 ,37.90%,29.30%,23.00%,7.00%,2.70%,$16.53 ,$23.28 ,$25.72 ,$37.84 ,$48.32 ,10.90%,33.10%,28.00%,18.70%,9.30%,$15.83 ,$19.12 ,$21.44 ,$30.09 ,$38.49 ,17.10%,38.60%,28.80%,11.70%,3.80%,$14.24 ,$19.83 ,$22.04 ,$31.88 ,$46.22 ,42.80%,28.10%,20.20%,6.30%,2.60%,$12.19 ,$17.51 ,$20.01 ,$28.27 ,$38.19 ,8.50%,34.30%,31.60%,17.70%,7.90%,$12.45 ,$15.79 ,$18.90 ,$27.01 ,$37.24 ,13.30%,35.40%,33.90%,13.00%,4.40%,$12.07 ,$16.47 ,$18.86 ,$26.70 ,$36.96 ,30.70%,31.10%,27.20%,8.10%,2.90%
1993,$14.60 ,$19.65 ,$22.27 ,$32.16 ,$41.45 ,13.40%,34.40%,28.20%,16.30%,7.70%,$16.09 ,$22.18 ,$24.84 ,$36.37 ,$46.08 ,15.40%,33.70%,26.30%,16.30%,8.20%,$12.36 ,$16.99 ,$19.82 ,$27.58 ,$35.48 ,11.30%,35.10%,30.20%,16.40%,7.00%,$15.08 ,$20.26 ,$22.83 ,$32.74 ,$42.12 ,10.20%,34.80%,28.80%,17.80%,8.40%,$14.28 ,$17.16 ,$19.72 ,$28.74 ,$35.90 ,15.70%,39.10%,29.30%,11.50%,4.40%,$13.75 ,$18.00 ,$20.80 ,$28.48 ,$37.92 ,38.30%,29.20%,22.70%,6.90%,2.90%,$16.99 ,$23.13 ,$25.66 ,$37.25 ,$47.15 ,11.50%,34.10%,27.20%,18.10%,9.20%,$15.57 ,$18.49 ,$21.06 ,$30.27 ,$36.17 ,17.90%,40.50%,26.40%,11.00%,4.20%,$14.61 ,$19.32 ,$22.50 ,$31.03 ,$39.16 ,43.10%,27.70%,20.40%,6.10%,2.60%,$12.42 ,$17.27 ,$20.10 ,$27.68 ,$35.52 ,8.90%,35.50%,30.50%,17.50%,7.60%,$12.73 ,$15.84 ,$18.70 ,$27.45 ,$35.67 ,13.70%,37.70%,31.90%,12.00%,4.70%,$11.94 ,$16.25 ,$18.79 ,$25.57 ,$36.49 ,31.00%,31.50%,26.00%,8.10%,3.40%
1992,$14.87 ,$19.65 ,$22.26 ,$32.16 ,$40.94 ,14.00%,35.00%,27.50%,15.90%,7.50%,$16.42 ,$22.32 ,$24.95 ,$36.38 ,$45.58 ,16.00%,34.10%,25.80%,16.00%,8.20%,$12.54 ,$16.88 ,$19.67 ,$27.51 ,$34.82 ,11.80%,36.10%,29.40%,15.90%,6.80%,$15.31 ,$20.28 ,$22.76 ,$32.73 ,$41.59 ,10.60%,35.40%,28.30%,17.40%,8.30%,$14.56 ,$17.08 ,$19.96 ,$28.15 ,$35.01 ,17.60%,39.20%,28.20%,10.60%,4.40%,$14.04 ,$17.78 ,$20.89 ,$29.05 ,$36.44 ,38.70%,30.30%,21.20%,6.90%,2.90%,$17.33 ,$23.26 ,$25.80 ,$37.29 ,$46.58 ,11.90%,34.60%,26.60%,17.80%,9.10%,$15.71 ,$18.55 ,$21.13 ,$29.60 ,$36.17 ,20.00%,39.30%,26.90%,9.80%,4.00%,$14.91 ,$19.32 ,$22.62 ,$31.19 ,$37.89 ,43.90%,28.50%,18.90%,6.00%,2.70%,$12.47 ,$17.20 ,$19.82 ,$27.53 ,$34.93 ,9.20%,36.30%,30.10%,17.00%,7.40%,$13.21 ,$15.73 ,$18.98 ,$27.01 ,$34.10 ,15.50%,39.10%,29.30%,11.40%,4.70%,$12.18 ,$15.79 ,$18.89 ,$26.66 ,$34.62 ,30.90%,33.10%,24.60%,8.20%,3.20%
1991,$14.99 ,$19.77 ,$22.49 ,$31.87 ,$40.71 ,14.80%,35.50%,26.20%,16.00%,7.50%,$16.66 ,$22.49 ,$25.46 ,$36.36 ,$45.38 ,17.00%,34.10%,24.60%,16.00%,8.30%,$12.47 ,$16.97 ,$19.57 ,$26.92 ,$34.11 ,12.50%,37.00%,27.80%,16.10%,6.50%,$15.56 ,$20.40 ,$22.97 ,$32.48 ,$41.24 ,11.50%,35.80%,27.10%,17.40%,8.30%,$14.14 ,$17.22 ,$20.41 ,$27.88 ,$34.05 ,18.00%,40.70%,26.40%,11.00%,3.90%,$14.12 ,$17.81 ,$20.99 ,$27.95 ,$36.37 ,40.80%,29.90%,19.50%,7.00%,2.70%,$17.69 ,$23.52 ,$26.21 ,$37.38 ,$46.17 ,12.90%,34.40%,25.70%,17.60%,9.40%,$15.42 ,$18.64 ,$22.27 ,$29.17 ,$35.93 ,20.30%,41.60%,24.30%,10.30%,3.50%,$15.04 ,$19.17 ,$23.07 ,$30.07 ,$38.59 ,45.90%,27.60%,17.70%,6.30%,2.50%,$12.52 ,$17.25 ,$19.75 ,$26.95 ,$34.10 ,10.00%,37.30%,28.50%,17.10%,7.10%,$12.61 ,$15.84 ,$18.91 ,$26.81 ,$32.58 ,15.80%,39.90%,28.40%,11.70%,4.20%,$12.19 ,$16.11 ,$18.51 ,$25.40 ,$33.75 ,33.10%,33.40%,22.40%,8.00%,3.20%
1990,$15.05 ,$19.74 ,$22.58 ,$32.21 ,$39.95 ,15.60%,35.80%,25.60%,15.60%,7.40%,$16.90 ,$22.69 ,$25.75 ,$36.77 ,$44.60 ,17.80%,34.30%,23.90%,15.60%,8.30%,$12.23 ,$16.69 ,$19.48 ,$27.07 ,$33.14 ,13.20%,37.40%,27.50%,15.60%,6.40%,$15.52 ,$20.35 ,$23.09 ,$32.89 ,$40.43 ,12.20%,36.20%,26.40%,17.00%,8.20%,$14.21 ,$17.24 ,$20.22 ,$26.89 ,$34.39 ,19.40%,40.60%,25.50%,10.40%,4.10%,$14.40 ,$17.93 ,$20.88 ,$29.97 ,$35.84 ,41.60%,30.00%,19.30%,6.50%,2.50%,$17.76 ,$23.67 ,$26.52 ,$37.82 ,$45.34 ,13.60%,34.70%,25.00%,17.20%,9.40%,$15.80 ,$18.91 ,$22.17 ,$28.54 ,$36.07 ,22.40%,41.50%,22.50%,9.80%,3.90%,$15.53 ,$19.48 ,$22.99 ,$32.47 ,$38.94 ,46.20%,28.00%,17.50%,6.10%,2.20%,$12.29 ,$16.95 ,$19.67 ,$27.19 ,$33.09 ,10.60%,37.80%,28.00%,16.70%,7.00%,$12.20 ,$15.63 ,$18.77 ,$25.51 ,$32.97 ,16.60%,39.80%,28.40%,10.90%,4.30%,$12.07 ,$15.93 ,$18.33 ,$26.63 ,$32.33 ,34.60%,33.20%,22.20%,7.00%,3.00%
1989,$15.46 ,$20.07 ,$22.61 ,$31.89 ,$39.80 ,16.10%,36.10%,25.10%,15.30%,7.50%,$17.63 ,$23.31 ,$25.78 ,$36.60 ,$44.02 ,18.10%,34.40%,23.70%,15.40%,8.40%,$12.25 ,$16.77 ,$19.47 ,$26.48 ,$33.54 ,13.80%,38.00%,26.80%,15.10%,6.40%,$15.93 ,$20.63 ,$23.09 ,$32.56 ,$40.29 ,13.00%,36.70%,25.70%,16.40%,8.20%,$14.38 ,$17.55 ,$20.29 ,$27.14 ,$34.64 ,20.80%,39.40%,25.50%,10.20%,4.10%,$14.88 ,$18.26 ,$21.09 ,$28.68 ,$37.76 ,41.60%,29.70%,19.30%,6.70%,2.70%,$18.48 ,$24.21 ,$26.61 ,$37.60 ,$44.70 ,14.40%,34.90%,24.40%,16.90%,9.40%,$16.17 ,$19.44 ,$21.88 ,$28.58 ,$34.97 ,23.70%,40.00%,23.40%,9.40%,3.60%,$16.21 ,$20.25 ,$22.76 ,$31.51 ,$41.39 ,47.00%,26.80%,17.30%,6.20%,2.60%,$12.30 ,$17.01 ,$19.55 ,$26.54 ,$33.48 ,11.40%,38.70%,27.20%,15.90%,6.90%,$12.14 ,$15.69 ,$19.00 ,$25.97 ,$34.39 ,18.10%,38.80%,27.60%,11.10%,4.50%,$12.13 ,$15.95 ,$19.17 ,$25.12 ,$32.88 ,33.60%,33.90%,22.30%,7.30%,2.90%
1988,$15.79 ,$20.66 ,$23.03 ,$33.41 ,$41.12 ,16.40%,36.40%,24.70%,15.20%,7.20%,$18.02 ,$24.18 ,$26.71 ,$39.34 ,$46.35 ,18.50%,34.60%,23.10%,15.50%,8.30%,$12.46 ,$17.08 ,$19.39 ,$26.37 ,$32.97 ,14.10%,38.50%,26.50%,14.90%,6.00%,$16.32 ,$21.23 ,$23.48 ,$34.14 ,$41.56 ,13.40%,37.00%,25.30%,16.30%,7.90%,$14.73 ,$18.16 ,$21.05 ,$28.58 ,$37.89 ,21.80%,39.60%,24.50%,10.10%,4.00%,$14.85 ,$18.57 ,$21.22 ,$29.40 ,$38.01 ,41.00%,29.90%,18.90%,7.30%,2.80%,$18.94 ,$25.11 ,$27.51 ,$40.28 ,$46.94 ,15.00%,35.00%,23.80%,17.00%,9.20%,$16.63 ,$20.23 ,$23.81 ,$32.08 ,$40.13 ,24.80%,39.60%,23.10%,8.60%,3.90%,$16.19 ,$20.73 ,$22.93 ,$32.91 ,$42.37 ,45.40%,28.40%,16.30%,7.10%,2.80%,$12.52 ,$17.31 ,$19.45 ,$26.54 ,$32.92 ,11.70%,39.30%,27.00%,15.60%,6.50%,$12.32 ,$16.17 ,$18.67 ,$26.04 ,$35.80 ,18.80%,39.70%,25.90%,11.50%,4.10%,$12.27 ,$15.77 ,$19.43 ,$24.59 ,$31.65 ,34.60%,32.20%,22.80%,7.60%,2.80%
1987,$15.76 ,$20.60 ,$23.17 ,$33.19 ,$40.55 ,16.70%,36.80%,24.60%,15.10%,6.80%,$18.05 ,$24.17 ,$27.02 ,$39.07 ,$45.58 ,18.70%,34.70%,23.30%,15.50%,7.80%,$12.36 ,$16.98 ,$19.25 ,$26.11 ,$32.69 ,14.40%,39.10%,26.10%,14.70%,5.70%,$16.17 ,$21.14 ,$23.69 ,$33.92 ,$40.91 ,13.80%,37.50%,25.10%,16.20%,7.40%,$14.92 ,$18.05 ,$20.67 ,$27.72 ,$35.92 ,22.40%,39.20%,24.60%,10.00%,3.80%,$15.06 ,$18.69 ,$21.10 ,$29.66 ,$37.24 ,40.00%,30.10%,19.90%,7.20%,2.80%,$18.86 ,$25.05 ,$27.90 ,$40.04 ,$46.03 ,15.30%,35.30%,24.00%,16.80%,8.60%,$16.77 ,$20.18 ,$22.91 ,$30.71 ,$38.99 ,25.40%,38.90%,23.00%,9.30%,3.50%,$16.39 ,$20.81 ,$22.92 ,$33.62 ,$40.41 ,44.70%,28.00%,18.00%,6.50%,2.90%,$12.31 ,$17.20 ,$19.34 ,$26.26 ,$32.58 ,12.20%,40.00%,26.40%,15.40%,6.00%,$12.60 ,$16.03 ,$18.76 ,$25.21 ,$33.45 ,19.50%,39.60%,26.10%,10.60%,4.10%,$12.31 ,$15.97 ,$18.92 ,$25.01 ,$32.33 ,32.80%,33.20%,22.80%,8.40%,2.80%
1986,$16.10 ,$20.61 ,$23.12 ,$32.67 ,$39.88 ,16.90%,37.10%,24.40%,14.90%,6.70%,$18.44 ,$24.24 ,$27.04 ,$38.52 ,$44.72 ,18.80%,34.90%,23.20%,15.40%,7.70%,$12.59 ,$16.94 ,$19.04 ,$25.45 ,$32.03 ,14.50%,39.80%,25.80%,14.40%,5.50%,$16.56 ,$21.12 ,$23.56 ,$33.32 ,$40.23 ,14.10%,37.70%,25.00%,16.00%,7.30%,$15.20 ,$18.04 ,$20.54 ,$26.96 ,$35.42 ,23.20%,39.60%,23.80%,10.00%,3.40%,$15.24 ,$18.86 ,$21.54 ,$29.63 ,$36.13 ,39.80%,31.30%,18.80%,7.10%,2.90%,$19.25 ,$25.13 ,$27.79 ,$39.41 ,$45.15 ,15.60%,35.20%,24.00%,16.70%,8.50%,$17.15 ,$20.07 ,$22.95 ,$29.80 ,$38.37 ,26.10%,39.40%,22.30%,9.20%,3.10%,$16.71 ,$20.82 ,$23.92 ,$33.35 ,$41.20 ,44.40%,29.10%,17.00%,6.60%,2.90%,$12.64 ,$17.09 ,$19.10 ,$25.53 ,$31.99 ,12.30%,40.50%,26.20%,15.10%,5.80%,$12.78 ,$16.09 ,$18.48 ,$24.60 ,$33.04 ,20.30%,39.90%,25.30%,10.70%,3.70%,$12.18 ,$16.35 ,$18.68 ,$24.92 ,$28.90 ,32.70%,34.70%,21.60%,8.00%,3.10%
1985,$16.08 ,$20.40 ,$22.60 ,$31.50 ,$38.31 ,17.50%,37.10%,24.10%,14.70%,6.60%,$18.46 ,$24.14 ,$26.25 ,$37.00 ,$42.75 ,19.50%,34.70%,23.10%,15.00%,7.70%,$12.49 ,$16.60 ,$18.69 ,$24.69 ,$30.90 ,15.20%,39.90%,25.30%,14.20%,5.40%,$16.60 ,$20.90 ,$23.06 ,$32.00 ,$38.75 ,14.60%,37.80%,24.70%,15.70%,7.20%,$14.83 ,$17.70 ,$20.01 ,$27.50 ,$34.22 ,24.70%,38.90%,23.50%,9.30%,3.70%,$15.24 ,$18.84 ,$21.27 ,$28.37 ,$35.02 ,41.90%,29.80%,18.70%,6.70%,2.80%,$19.37 ,$24.97 ,$26.98 ,$37.69 ,$43.33 ,16.10%,35.30%,23.80%,16.40%,8.40%,$16.69 ,$19.66 ,$22.03 ,$30.73 ,$37.43 ,28.20%,38.30%,21.90%,7.90%,3.60%,$16.63 ,$21.18 ,$23.68 ,$31.69 ,$39.07 ,46.50%,27.60%,16.90%,6.30%,2.70%,$12.50 ,$16.74 ,$18.77 ,$24.61 ,$30.83 ,12.80%,40.80%,25.70%,14.90%,5.70%,$12.45 ,$15.87 ,$18.30 ,$25.15 ,$31.28 ,21.30%,39.50%,24.90%,10.50%,3.80%,$12.40 ,$15.89 ,$18.38 ,$24.12 ,$29.40 ,34.70%,33.30%,21.50%,7.50%,3.00%
1984,$16.21 ,$20.30 ,$22.37 ,$31.07 ,$37.45 ,17.80%,37.40%,23.90%,14.40%,6.60%,$18.66 ,$24.06 ,$25.97 ,$36.63 ,$41.30 ,19.70%,34.80%,23.00%,14.70%,7.80%,$12.55 ,$16.45 ,$18.44 ,$24.11 ,$30.55 ,15.60%,40.30%,25.00%,14.00%,5.10%,$16.70 ,$20.73 ,$22.75 ,$31.67 ,$37.67 ,15.20%,38.00%,24.30%,15.40%,7.10%,$14.98 ,$17.72 ,$20.33 ,$26.50 ,$33.82 ,25.60%,38.40%,23.10%,9.10%,3.80%,$15.31 ,$19.02 ,$20.97 ,$26.42 ,$34.76 ,41.70%,30.30%,19.50%,5.90%,2.60%,$19.40 ,$24.77 ,$26.50 ,$37.38 ,$41.64 ,16.80%,35.30%,23.50%,16.00%,8.40%,$17.04 ,$19.87 ,$22.99 ,$30.37 ,$35.77 ,28.80%,38.00%,21.60%,7.80%,3.90%,$16.97 ,$21.42 ,$23.71 ,$29.77 ,$37.26 ,45.80%,27.90%,18.00%,5.70%,2.70%,$12.60 ,$16.58 ,$18.55 ,$24.13 ,$30.31 ,13.30%,41.30%,25.30%,14.60%,5.50%,$12.39 ,$15.65 ,$18.04 ,$23.66 ,$31.81 ,22.50%,38.80%,24.60%,10.40%,3.70%,$12.39 ,$16.25 ,$17.79 ,$22.23 ,$30.82 ,36.10%,33.70%,21.50%,6.30%,2.40%
1983,$16.43 ,$20.43 ,$22.28 ,$30.73 ,$36.78 ,18.50%,37.20%,23.60%,14.30%,6.50%,$18.89 ,$24.33 ,$26.04 ,$36.21 ,$40.53 ,20.50%,34.30%,22.60%,14.70%,7.90%,$12.72 ,$16.52 ,$18.23 ,$23.75 ,$29.65 ,16.10%,40.50%,24.80%,13.70%,4.90%,$16.92 ,$20.81 ,$22.64 ,$31.22 ,$36.89 ,15.80%,37.90%,24.10%,15.30%,7.00%,$15.39 ,$18.20 ,$20.11 ,$26.16 ,$33.74 ,27.80%,37.60%,22.40%,8.60%,3.70%,$15.30 ,$19.09 ,$21.43 ,$27.83 ,$32.75 ,42.40%,30.50%,18.70%,6.10%,2.30%,$19.68 ,$25.00 ,$26.58 ,$36.82 ,$40.56 ,17.40%,34.80%,23.20%,16.10%,8.60%,$17.29 ,$20.55 ,$22.95 ,$29.41 ,$36.96 ,31.50%,37.00%,20.50%,7.30%,3.60%,$16.91 ,$21.64 ,$23.49 ,$31.75 ,$36.37 ,46.40%,28.20%,17.40%,5.60%,2.40%,$12.73 ,$16.63 ,$18.29 ,$23.71 ,$29.60 ,13.70%,41.60%,25.10%,14.30%,5.20%,$12.92 ,$15.94 ,$17.71 ,$23.73 ,$30.64 ,24.10%,38.20%,24.20%,9.80%,3.70%,$12.35 ,$16.02 ,$18.94 ,$23.17 ,$26.31 ,36.70%,33.90%,20.60%,6.80%,2.00%
1982,$16.73 ,$20.65 ,$22.43 ,$30.55 ,$36.08 ,19.60%,37.40%,23.10%,13.70%,6.20%,$19.34 ,$24.64 ,$26.22 ,$35.80 ,$39.95 ,21.50%,34.40%,22.20%,14.40%,7.50%,$12.82 ,$16.63 ,$18.26 ,$23.57 ,$28.81 ,17.20%,40.90%,24.20%,12.90%,4.70%,$17.23 ,$21.02 ,$22.83 ,$31.12 ,$36.20 ,16.70%,38.30%,23.60%,14.60%,6.70%,$15.43 ,$18.18 ,$19.91 ,$25.82 ,$32.40 ,29.40%,37.20%,21.70%,8.40%,3.40%,$15.67 ,$19.43 ,$20.98 ,$27.19 ,$33.42 ,44.60%,29.20%,17.80%,6.30%,2.10%,$20.15 ,$25.29 ,$26.83 ,$36.50 ,$40.13 ,18.40%,35.10%,22.80%,15.60%,8.10%,$17.57 ,$20.56 ,$22.23 ,$28.87 ,$34.32 ,32.70%,36.40%,20.40%,7.30%,3.20%,$17.27 ,$21.93 ,$23.69 ,$29.94 ,$34.90 ,48.90%,26.60%,16.40%,5.70%,2.40%,$12.85 ,$16.71 ,$18.34 ,$23.55 ,$28.56 ,14.80%,42.10%,24.60%,13.40%,5.00%,$12.81 ,$15.95 ,$17.88 ,$23.54 ,$30.65 ,26.10%,38.00%,22.90%,9.50%,3.50%,$12.67 ,$16.48 ,$17.68 ,$23.98 ,$30.21 ,38.30%,33.10%,19.80%,7.20%,1.60%
1981,$17.07 ,$20.68 ,$22.47 ,$30.17 ,$35.32 ,21.10%,37.40%,22.60%,13.00%,5.90%,$19.64 ,$24.84 ,$26.24 ,$35.41 ,$38.72 ,23.20%,34.10%,21.90%,13.70%,7.10%,$13.12 ,$16.46 ,$18.13 ,$22.94 ,$28.51 ,18.60%,41.40%,23.40%,12.20%,4.40%,$17.60 ,$21.03 ,$22.79 ,$30.71 ,$35.42 ,18.20%,38.30%,23.10%,14.00%,6.40%,$15.81 ,$18.35 ,$20.56 ,$25.59 ,$32.92 ,31.00%,37.10%,20.70%,8.10%,3.10%,$15.80 ,$19.41 ,$21.40 ,$26.24 ,$35.61 ,46.90%,28.30%,17.30%,5.40%,2.00%,$20.46 ,$25.43 ,$26.74 ,$36.08 ,$38.93 ,19.90%,34.90%,22.50%,14.90%,7.80%,$18.08 ,$21.02 ,$23.15 ,$27.93 ,$34.94 ,34.70%,35.60%,19.80%,6.90%,3.00%,$17.20 ,$22.36 ,$24.45 ,$29.90 ,$37.31 ,51.60%,24.70%,16.10%,5.20%,2.40%,$13.19 ,$16.55 ,$18.16 ,$22.87 ,$28.11 ,16.10%,42.60%,23.90%,12.70%,4.60%,$12.88 ,$15.86 ,$18.14 ,$23.82 ,$31.05 ,27.20%,38.70%,21.60%,9.30%,3.20%,$13.02 ,$16.13 ,$17.49 ,$21.29 ,$31.21 ,39.60%,33.90%,19.20%,5.80%,1.40%
1980,$17.42 ,$20.90 ,$22.73 ,$30.04 ,$35.53 ,22.20%,37.10%,22.20%,12.90%,5.70%,$20.08 ,$25.18 ,$26.63 ,$35.16 ,$39.00 ,24.40%,33.70%,21.60%,13.40%,6.90%,$13.22 ,$16.54 ,$18.12 ,$22.96 ,$28.47 ,19.40%,41.40%,22.80%,12.20%,4.20%,$17.94 ,$21.27 ,$23.09 ,$30.44 ,$35.61 ,19.30%,38.00%,22.80%,13.80%,6.10%,$15.77 ,$18.54 ,$20.76 ,$26.23 ,$35.10 ,33.20%,36.50%,19.60%,7.70%,3.00%,$16.40 ,$19.43 ,$20.94 ,$27.48 ,$33.01 ,47.60%,28.00%,16.50%,5.50%,2.40%,$20.89 ,$25.81 ,$27.19 ,$35.62 ,$39.07 ,21.10%,34.40%,22.40%,14.70%,7.50%,$17.86 ,$21.21 ,$23.40 ,$29.29 ,$38.95 ,37.40%,34.50%,18.80%,6.40%,2.90%,$18.13 ,$22.29 ,$23.28 ,$31.33 ,$35.93 ,52.50%,24.50%,15.50%,5.00%,2.40%,$13.30 ,$16.62 ,$18.12 ,$22.86 ,$28.12 ,17.00%,42.50%,23.40%,12.70%,4.40%,$12.98 ,$16.09 ,$18.28 ,$23.99 ,$31.58 ,28.80%,38.50%,20.50%,9.00%,3.20%,$12.87 ,$16.16 ,$17.86 ,$22.60 ,$28.23 ,40.00%,33.30%,18.20%,6.20%,2.30%
1979,$17.95 ,$21.62 ,$23.20 ,$30.57 ,$36.19 ,23.40%,37.00%,21.80%,12.40%,5.40%,$20.74 ,$26.04 ,$27.18 ,$35.72 ,$39.52 ,25.40%,33.70%,21.40%,12.90%,6.60%,$13.54 ,$16.94 ,$18.25 ,$23.26 ,$28.83 ,20.80%,41.30%,22.30%,11.70%,3.90%,$18.48 ,$21.99 ,$23.56 ,$30.99 ,$36.48 ,20.50%,38.00%,22.40%,13.30%,5.80%,$16.40 ,$19.13 ,$21.15 ,$26.78 ,$32.78 ,35.00%,35.10%,19.30%,7.30%,3.20%,$16.81 ,$19.96 ,$21.42 ,$26.67 ,$34.47 ,48.30%,28.50%,16.10%,4.80%,2.20%,$21.54 ,$26.65 ,$27.73 ,$36.16 ,$39.80 ,22.20%,34.50%,22.10%,14.00%,7.20%,$18.60 ,$22.04 ,$24.04 ,$30.51 ,$36.40 ,39.50%,33.50%,17.70%,6.20%,3.00%,$18.69 ,$23.11 ,$23.71 ,$30.46 ,$35.93 ,52.00%,25.20%,15.80%,4.40%,2.60%,$13.63 ,$17.05 ,$18.22 ,$23.23 ,$28.64 ,18.40%,42.70%,22.70%,12.30%,4.00%,$13.33 ,$16.30 ,$18.54 ,$23.84 ,$29.34 ,30.30%,36.80%,21.00%,8.40%,3.40%,$13.20 ,$16.27 ,$18.02 ,$21.94 ,$30.87 ,42.30%,33.70%,16.70%,5.60%,1.60%
1978,$17.29 ,$21.52 ,$23.25 ,$30.90 ,$37.56 ,25.60%,36.10%,20.80%,12.20%,5.40%,$20.10 ,$25.97 ,$27.14 ,$35.92 ,$40.89 ,27.20%,32.70%,20.80%,12.70%,6.60%,$13.02 ,$16.84 ,$18.17 ,$23.65 ,$30.00 ,23.40%,40.50%,20.80%,11.50%,3.80%,$17.88 ,$21.83 ,$23.59 ,$31.24 ,$37.50 ,22.60%,37.00%,21.50%,13.10%,5.80%,$15.19 ,$19.79 ,$20.39 ,$27.79 ,$36.63 ,39.10%,34.50%,16.80%,6.90%,2.60%,$16.30 ,$19.11 ,$22.08 ,$25.79 ,$37.36 ,49.90%,27.20%,17.10%,4.20%,1.60%,$20.92 ,$26.54 ,$27.63 ,$36.41 ,$40.95 ,24.20%,33.30%,21.60%,13.80%,7.20%,$17.35 ,$22.73 ,$22.73 ,$30.44 ,$39.69 ,41.80%,33.40%,16.00%,6.40%,2.40%,$18.06 ,$21.80 ,$25.17 ,$29.24 ,$41.47 ,52.90%,24.90%,16.60%,3.90%,1.70%,$13.09 ,$16.85 ,$18.15 ,$23.50 ,$29.35 ,20.40%,41.90%,21.40%,12.20%,4.00%,$12.67 ,$17.00 ,$18.24 ,$25.47 ,$34.08 ,36.40%,35.70%,17.60%,7.40%,2.90%,$13.08 ,$15.72 ,$17.56 ,$21.26 ,$28.97 ,45.20%,31.00%,17.90%,4.70%,1.30%
1977,$17.59 ,$21.50 ,$22.97 ,$31.07 ,$37.36 ,26.20%,36.40%,20.20%,11.90%,5.30%,$20.43 ,$25.97 ,$26.70 ,$36.09 ,$40.56 ,28.10%,33.00%,20.30%,12.30%,6.40%,$13.08 ,$16.71 ,$17.92 ,$23.88 ,$30.33 ,23.70%,41.00%,20.00%,11.50%,3.90%,$18.09 ,$21.85 ,$23.29 ,$31.41 ,$37.44 ,23.30%,37.50%,20.80%,12.80%,5.60%,$15.73 ,$18.83 ,$20.83 ,$27.24 ,$36.03 ,40.20%,34.40%,16.40%,6.20%,2.90%,$16.54 ,$20.25 ,$21.06 ,$29.72 ,$32.06 ,50.90%,25.40%,16.70%,5.20%,1.80%,$21.12 ,$26.55 ,$27.22 ,$36.55 ,$40.97 ,25.00%,33.80%,20.90%,13.30%,6.90%,$17.94 ,$21.56 ,$22.76 ,$29.19 ,$34.53 ,44.40%,32.10%,16.00%,5.10%,2.30%,$18.68 ,$22.73 ,$23.45 ,$33.91 ,$32.92 ,53.00%,22.60%,16.90%,5.50%,2.00%,$13.17 ,$16.75 ,$17.85 ,$23.76 ,$29.17 ,21.00%,42.30%,20.60%,12.10%,4.00%,$12.80 ,$16.30 ,$18.87 ,$25.83 ,$37.10 ,35.60%,36.80%,16.70%,7.40%,3.50%,$12.66 ,$17.22 ,$17.12 ,$21.49 ,$30.31 ,47.40%,29.90%,16.50%,4.60%,1.60%
1976,$17.52 ,$21.76 ,$23.49 ,$31.46 ,$37.50 ,27.10%,36.20%,20.00%,11.60%,5.10%,$20.36 ,$26.14 ,$27.10 ,$36.42 ,$40.31 ,29.00%,32.80%,20.40%,11.70%,6.10%,$12.96 ,$17.01 ,$18.37 ,$24.52 ,$31.05 ,24.50%,41.00%,19.50%,11.40%,3.60%,$17.89 ,$22.09 ,$23.79 ,$31.75 ,$37.65 ,24.20%,37.30%,20.70%,12.40%,5.40%,$15.90 ,$19.37 ,$21.93 ,$27.17 ,$37.05 ,41.60%,34.40%,15.60%,6.20%,2.20%,$16.71 ,$20.17 ,$20.74 ,$26.91 ,$34.95 ,53.50%,24.00%,16.00%,4.80%,1.70%,$20.94 ,$26.57 ,$27.51 ,$36.86 ,$40.40 ,25.80%,33.70%,21.20%,12.70%,6.60%,$18.26 ,$22.80 ,$24.57 ,$29.06 ,$39.63 ,46.60%,31.30%,15.80%,4.40%,2.00%,$18.29 ,$23.14 ,$23.13 ,$30.44 ,$42.59 ,57.80%,19.70%,15.50%,5.20%,1.80%,$12.88 ,$17.08 ,$18.33 ,$24.26 ,$30.86 ,21.90%,42.20%,20.10%,12.10%,3.80%,$12.75 ,$16.40 ,$19.11 ,$26.10 ,$34.92 ,36.30%,37.70%,15.40%,8.00%,2.50%,$13.79 ,$17.29 ,$17.40 ,$20.29 ,$20.93 ,47.10%,30.50%,16.80%,4.20%,1.50%
1975,$17.30 ,$21.55 ,$23.30 ,$31.45 ,$38.41 ,28.20%,36.30%,19.30%,11.50%,4.70%,$20.00 ,$26.02 ,$26.93 ,$36.21 ,$40.86 ,29.90%,32.80%,19.70%,11.70%,5.80%,$12.91 ,$16.54 ,$17.91 ,$24.44 ,$32.14 ,25.90%,41.10%,18.70%,11.10%,3.20%,$17.83 ,$21.94 ,$23.66 ,$31.89 ,$38.65 ,25.20%,37.50%,20.00%,12.20%,5.00%,$15.35 ,$18.41 ,$21.01 ,$28.05 ,$36.42 ,44.10%,32.60%,14.70%,6.40%,2.20%,$16.14 ,$19.57 ,$20.68 ,$25.15 ,$25.67 ,52.10%,25.50%,15.20%,4.90%,2.30%,$20.75 ,$26.57 ,$27.41 ,$36.77 ,$41.06 ,26.70%,33.90%,20.50%,12.70%,6.20%,$17.51 ,$21.37 ,$23.54 ,$28.22 ,$39.16 ,48.50%,28.90%,15.00%,5.20%,2.40%,$17.78 ,$22.27 ,$23.35 ,$31.29 ,$26.52 ,55.90%,23.30%,14.20%,4.00%,2.60%,$12.98 ,$16.62 ,$17.93 ,$24.25 ,$32.33 ,23.10%,42.50%,19.30%,11.60%,3.40%,$12.48 ,$15.88 ,$18.11 ,$27.93 ,$33.03 ,39.40%,36.60%,14.20%,7.70%,2.10%,$12.87 ,$16.04 ,$17.04 ,$18.85 ,$23.63 ,45.90%,29.00%,16.90%,6.30%,1.80%
1974,$17.68 ,$21.60 ,$23.32 ,$31.69 ,$38.37 ,30.40%,36.00%,18.50%,10.60%,4.60%,$20.63 ,$26.15 ,$26.79 ,$36.62 ,$41.03 ,32.00%,32.40%,19.30%,10.60%,5.80%,$12.87 ,$16.49 ,$17.91 ,$24.70 ,$30.78 ,28.00%,41.10%,17.50%,10.60%,2.90%,$18.15 ,$21.97 ,$23.68 ,$31.97 ,$38.37 ,27.30%,37.10%,19.30%,11.40%,5.00%,$15.61 ,$18.70 ,$20.41 ,$28.46 ,$36.81 ,46.60%,32.10%,14.00%,5.80%,1.60%,$17.26 ,$19.65 ,$20.82 ,$28.46 ,$29.35 ,54.40%,25.90%,13.80%,4.40%,1.40%,$21.27 ,$26.68 ,$27.31 ,$37.00 ,$41.11 ,28.80%,33.40%,20.20%,11.50%,6.20%,$18.17 ,$22.07 ,$22.69 ,$29.45 ,$38.52 ,50.50%,29.80%,13.20%,4.50%,2.00%,$19.26 ,$22.53 ,$22.15 ,$33.14 ,$30.49 ,57.60%,22.10%,14.60%,4.10%,1.60%,$12.96 ,$16.61 ,$17.80 ,$24.48 ,$30.50 ,25.10%,42.50%,18.00%,11.20%,3.20%,$12.31 ,$15.55 ,$18.19 ,$27.80 ,$33.86 ,42.30%,34.50%,14.80%,7.20%,1.30%,$13.24 ,$16.29 ,$18.17 ,$21.70 ,$26.74 ,49.00%,32.40%,12.60%,4.80%,1.20%
1973,$18.06 ,$22.22 ,$24.08 ,$32.80 ,$38.16 ,31.60%,36.30%,17.60%,10.30%,4.20%,$21.18 ,$26.90 ,$27.67 ,$37.69 ,$40.09 ,33.40%,32.60%,18.30%,10.50%,5.20%,$12.89 ,$16.97 ,$18.41 ,$25.50 ,$32.73 ,28.90%,41.70%,16.60%,10.10%,2.70%,$18.67 ,$22.65 ,$24.43 ,$33.25 ,$38.11 ,28.40%,37.50%,18.50%,11.10%,4.50%,$15.77 ,$18.69 ,$20.82 ,$29.09 ,$42.01 ,47.00%,32.00%,13.30%,5.90%,1.70%,$16.58 ,$19.69 ,$22.41 ,$25.61 ,$36.35 ,57.90%,25.90%,10.10%,4.30%,1.80%,$21.95 ,$27.54 ,$28.17 ,$38.31 ,$40.23 ,30.20%,33.50%,19.30%,11.40%,5.70%,$18.63 ,$21.51 ,$23.55 ,$30.16 ,$42.15 ,50.50%,30.60%,12.50%,4.50%,1.90%,$18.43 ,$22.35 ,$23.55 ,$28.10 ,$42.61 ,61.10%,22.60%,10.50%,4.00%,1.80%,$13.08 ,$17.11 ,$18.38 ,$25.32 ,$31.81 ,25.90%,43.30%,17.40%,10.60%,2.80%,$12.02 ,$15.79 ,$18.11 ,$28.35 ,$41.81 ,43.20%,33.60%,14.20%,7.40%,1.50%,$12.92 ,$16.46 ,$20.22 ,$22.23 ,$25.10 ,52.40%,31.60%,9.30%,5.00%,1.70%