,Date,Year,Month txt,All,Less than HS,High school,Some college,Bachelor's degree,Advanced degree,Women,Men
0,23-Feb,2023,Feb,62.30%,40.30%,58.20%,62.70%,73.00%,73.50%,56.90%,68.00%
1,23-Jan,2023,Jan,62.30%,40.20%,58.20%,62.70%,73.00%,73.50%,56.80%,68.00%
2,22-Dec,2022,Dec,62.20%,40.10%,58.20%,62.70%,73.00%,73.50%,56.80%,68.00%
3,22-Nov,2022,Nov,62.20%,40.10%,58.10%,62.70%,72.90%,73.50%,56.80%,67.90%
4,22-Oct,2022,Oct,62.20%,40.00%,58.10%,62.70%,72.90%,73.50%,56.80%,67.90%
5,22-Sep,2022,Sep,62.20%,40.00%,58.10%,62.80%,72.90%,73.40%,56.70%,67.90%
6,22-Aug,2022,Aug,62.10%,40.00%,58.00%,62.80%,72.80%,73.30%,56.60%,67.90%
7,22-Jul,2022,Jul,62.10%,40.00%,57.90%,62.90%,72.70%,73.30%,56.60%,67.90%
8,22-Jun,2022,Jun,62.00%,40.10%,57.80%,62.90%,72.60%,73.30%,56.50%,67.90%
9,22-May,2022,May,62.00%,40.00%,57.70%,63.00%,72.60%,73.30%,56.40%,67.90%
10,22-Apr,2022,Apr,61.90%,39.80%,57.60%,63.00%,72.50%,73.20%,56.40%,67.80%
11,22-Mar,2022,Mar,61.90%,39.80%,57.50%,63.00%,72.40%,73.20%,56.30%,67.80%
12,22-Feb,2022,Feb,61.80%,39.70%,57.30%,63.00%,72.40%,73.10%,56.20%,67.70%
13,22-Jan,2022,Jan,61.70%,39.60%,57.20%,62.90%,72.40%,72.90%,56.20%,67.60%
14,21-Dec,2021,Dec,61.70%,39.60%,57.00%,62.90%,72.40%,72.90%,56.10%,67.60%
15,21-Nov,2021,Nov,61.60%,39.60%,57.00%,62.90%,72.30%,72.90%,56.00%,67.60%
16,21-Oct,2021,Oct,61.60%,39.60%,57.00%,62.80%,72.30%,73.00%,56.00%,67.50%
17,21-Sep,2021,Sep,61.60%,39.60%,57.00%,62.80%,72.30%,73.00%,56.00%,67.50%
18,21-Aug,2021,Aug,61.60%,39.50%,57.00%,62.80%,72.30%,73.00%,56.00%,67.50%
19,21-Jul,2021,Jul,61.60%,39.30%,56.90%,62.80%,72.30%,73.10%,56.00%,67.50%
20,21-Jun,2021,Jun,61.50%,39.10%,56.90%,62.80%,72.20%,73.10%,56.00%,67.50%
21,21-May,2021,May,61.50%,38.90%,56.80%,62.70%,72.20%,73.10%,56.00%,67.40%
22,21-Apr,2021,Apr,61.50%,38.80%,56.70%,62.70%,72.20%,73.10%,55.90%,67.40%
23,21-Mar,2021,Mar,61.30%,38.60%,56.60%,62.50%,72.10%,73.00%,55.80%,67.30%
24,21-Feb,2021,Feb,61.40%,38.70%,56.70%,62.60%,72.20%,73.10%,55.90%,67.40%
25,21-Jan,2021,Jan,61.60%,38.80%,57.00%,62.80%,72.30%,73.30%,56.00%,67.50%
26,20-Dec,2020,Dec,61.70%,38.80%,57.30%,63.00%,72.40%,73.40%,56.20%,67.70%
27,20-Nov,2020,Nov,61.90%,38.90%,57.50%,63.10%,72.50%,73.50%,56.40%,67.80%
28,20-Oct,2020,Oct,62.00%,38.90%,57.80%,63.30%,72.70%,73.60%,56.50%,68.00%
29,20-Sep,2020,Sep,62.20%,39.00%,57.90%,63.50%,72.80%,73.80%,56.60%,68.10%
30,20-Aug,2020,Aug,62.30%,39.10%,58.20%,63.60%,72.90%,73.90%,56.80%,68.20%
31,20-Jul,2020,Jul,62.40%,39.30%,58.40%,63.80%,73.00%,74.00%,56.90%,68.30%
32,20-Jun,2020,Jun,62.60%,39.50%,58.60%,64.00%,73.20%,74.10%,57.00%,68.50%
33,20-May,2020,May,62.70%,39.70%,58.90%,64.10%,73.30%,74.20%,57.10%,68.70%
34,20-Apr,2020,Apr,62.90%,39.90%,59.10%,64.40%,73.50%,74.30%,57.30%,68.90%
35,20-Mar,2020,Mar,63.10%,40.20%,59.50%,64.70%,73.70%,74.50%,57.50%,69.10%
36,20-Feb,2020,Feb,63.10%,40.20%,59.50%,64.70%,73.80%,74.60%,57.50%,69.20%
37,20-Jan,2020,Jan,63.10%,40.20%,59.50%,64.80%,73.80%,74.60%,57.50%,69.20%
38,19-Dec,2019,Dec,63.10%,40.10%,59.50%,64.80%,73.80%,74.60%,57.40%,69.20%
39,19-Nov,2019,Nov,63.10%,40.10%,59.50%,64.80%,73.70%,74.60%,57.40%,69.10%
40,19-Oct,2019,Oct,63.00%,40.20%,59.40%,64.90%,73.70%,74.60%,57.40%,69.10%
41,19-Sep,2019,Sep,63.00%,40.20%,59.40%,64.90%,73.60%,74.60%,57.30%,69.10%
42,19-Aug,2019,Aug,63.00%,40.20%,59.30%,64.90%,73.60%,74.50%,57.30%,69.10%
43,19-Jul,2019,Jul,62.90%,40.10%,59.30%,64.80%,73.70%,74.50%,57.20%,69.00%
44,19-Jun,2019,Jun,62.90%,40.10%,59.30%,64.90%,73.80%,74.40%,57.20%,69.00%
45,19-May,2019,May,62.90%,40.20%,59.30%,64.90%,73.80%,74.40%,57.20%,69.00%
46,19-Apr,2019,Apr,62.90%,40.20%,59.30%,64.90%,73.90%,74.50%,57.20%,69.00%
47,19-Mar,2019,Mar,62.90%,40.30%,59.20%,64.90%,73.90%,74.50%,57.20%,69.00%
48,19-Feb,2019,Feb,62.90%,40.30%,59.10%,64.90%,73.90%,74.50%,57.20%,69.10%
49,19-Jan,2019,Jan,62.90%,40.40%,59.10%,65.00%,73.90%,74.50%,57.10%,69.10%
50,18-Dec,2018,Dec,62.90%,40.40%,59.00%,65.00%,73.90%,74.40%,57.10%,69.10%
51,18-Nov,2018,Nov,62.80%,40.30%,59.00%,65.00%,73.90%,74.40%,57.00%,69.10%
52,18-Oct,2018,Oct,62.80%,40.20%,59.00%,65.10%,73.90%,74.40%,57.00%,69.10%
53,18-Sep,2018,Sep,62.80%,40.10%,58.90%,65.20%,74.00%,74.40%,57.00%,69.10%
54,18-Aug,2018,Aug,62.80%,40.10%,58.90%,65.30%,74.10%,74.40%,57.00%,69.10%
55,18-Jul,2018,Jul,62.90%,40.20%,58.90%,65.30%,74.10%,74.40%,57.00%,69.10%
56,18-Jun,2018,Jun,62.90%,40.20%,58.90%,65.30%,74.00%,74.50%,57.00%,69.10%
57,18-May,2018,May,62.80%,40.20%,58.90%,65.30%,74.00%,74.60%,57.00%,69.10%
58,18-Apr,2018,Apr,62.80%,40.30%,58.90%,65.30%,74.00%,74.60%,57.00%,69.10%
59,18-Mar,2018,Mar,62.80%,40.30%,59.00%,65.30%,73.90%,74.60%,57.00%,69.10%
60,18-Feb,2018,Feb,62.90%,40.30%,59.10%,65.40%,73.90%,74.70%,57.00%,69.10%
61,18-Jan,2018,Jan,62.80%,40.20%,59.10%,65.40%,73.80%,74.70%,57.00%,69.10%
62,17-Dec,2017,Dec,62.90%,40.20%,59.20%,65.40%,73.80%,74.80%,57.00%,69.10%
63,17-Nov,2017,Nov,62.80%,40.20%,59.20%,65.40%,73.80%,74.80%,57.00%,69.10%
64,17-Oct,2017,Oct,62.80%,40.30%,59.20%,65.40%,73.90%,74.90%,57.00%,69.10%
65,17-Sep,2017,Sep,62.90%,40.20%,59.20%,65.40%,73.90%,74.90%,57.00%,69.10%
66,17-Aug,2017,Aug,62.80%,40.20%,59.20%,65.40%,73.90%,74.90%,57.00%,69.10%
67,17-Jul,2017,Jul,62.80%,40.10%,59.20%,65.50%,73.90%,74.80%,56.90%,69.10%
68,17-Jun,2017,Jun,62.80%,40.10%,59.20%,65.50%,73.90%,74.80%,56.90%,69.20%
69,17-May,2017,May,62.80%,40.10%,59.20%,65.60%,73.90%,74.80%,56.90%,69.20%
70,17-Apr,2017,Apr,62.80%,40.00%,59.10%,65.70%,74.00%,74.80%,56.90%,69.20%
71,17-Mar,2017,Mar,62.80%,40.10%,59.10%,65.70%,74.00%,74.80%,56.80%,69.20%
72,17-Feb,2017,Feb,62.80%,40.10%,59.00%,65.80%,74.00%,74.80%,56.80%,69.20%
73,17-Jan,2017,Jan,62.80%,40.10%,59.00%,65.80%,74.10%,74.80%,56.80%,69.20%
74,16-Dec,2016,Dec,62.80%,40.10%,59.00%,65.90%,74.10%,74.80%,56.80%,69.20%
75,16-Nov,2016,Nov,62.80%,40.20%,58.90%,65.90%,74.20%,74.70%,56.80%,69.20%
76,16-Oct,2016,Oct,62.80%,40.20%,58.90%,65.90%,74.20%,74.70%,56.80%,69.20%
77,16-Sep,2016,Sep,62.80%,40.20%,58.90%,65.90%,74.30%,74.70%,56.80%,69.10%
78,16-Aug,2016,Aug,62.70%,40.10%,58.80%,65.80%,74.30%,74.70%,56.70%,69.10%
79,16-Jul,2016,Jul,62.70%,40.00%,58.80%,65.80%,74.30%,74.70%,56.70%,69.10%
80,16-Jun,2016,Jun,62.70%,39.90%,58.80%,65.80%,74.40%,74.70%,56.70%,69.00%
81,16-May,2016,May,62.70%,39.90%,58.80%,65.90%,74.40%,74.80%,56.70%,69.00%
82,16-Apr,2016,Apr,62.70%,40.00%,58.80%,65.90%,74.40%,74.90%,56.80%,69.00%
83,16-Mar,2016,Mar,62.70%,40.00%,58.80%,66.00%,74.50%,74.90%,56.70%,69.00%
84,16-Feb,2016,Feb,62.70%,40.00%,58.80%,66.00%,74.50%,74.80%,56.70%,69.00%
85,16-Jan,2016,Jan,62.60%,40.00%,58.70%,66.00%,74.50%,74.80%,56.70%,69.00%
86,15-Dec,2015,Dec,62.70%,39.90%,58.80%,66.00%,74.60%,74.80%,56.70%,69.10%
87,15-Nov,2015,Nov,62.70%,39.90%,58.80%,66.00%,74.60%,74.90%,56.70%,69.10%
88,15-Oct,2015,Oct,62.70%,40.00%,58.80%,66.10%,74.70%,74.90%,56.70%,69.10%
89,15-Sep,2015,Sep,62.70%,40.00%,58.90%,66.20%,74.70%,74.90%,56.70%,69.10%
90,15-Aug,2015,Aug,62.80%,40.10%,58.90%,66.20%,74.80%,74.90%,56.80%,69.20%
91,15-Jul,2015,Jul,62.80%,40.10%,59.00%,66.30%,74.90%,74.80%,56.80%,69.20%
92,15-Jun,2015,Jun,62.80%,40.00%,59.10%,66.40%,74.90%,74.70%,56.80%,69.20%
93,15-May,2015,May,62.80%,40.00%,59.10%,66.40%,75.00%,74.70%,56.80%,69.30%
94,15-Apr,2015,Apr,62.80%,39.90%,59.20%,66.40%,75.10%,74.60%,56.80%,69.20%
95,15-Mar,2015,Mar,62.80%,39.80%,59.20%,66.40%,75.20%,74.60%,56.90%,69.20%
96,15-Feb,2015,Feb,62.90%,39.80%,59.30%,66.40%,75.30%,74.70%,56.90%,69.20%
97,15-Jan,2015,Jan,62.90%,39.70%,59.40%,66.40%,75.30%,74.80%,57.00%,69.20%
98,14-Dec,2014,Dec,62.90%,39.60%,59.40%,66.40%,75.40%,74.90%,57.00%,69.20%
99,14-Nov,2014,Nov,62.90%,39.50%,59.40%,66.40%,75.40%,75.00%,57.00%,69.20%
100,14-Oct,2014,Oct,62.90%,39.40%,59.50%,66.50%,75.40%,75.10%,57.00%,69.20%
101,14-Sep,2014,Sep,62.90%,39.30%,59.50%,66.50%,75.40%,75.20%,57.00%,69.20%
102,14-Aug,2014,Aug,62.90%,39.30%,59.50%,66.60%,75.50%,75.30%,57.00%,69.30%
103,14-Jul,2014,Jul,63.00%,39.30%,59.50%,66.60%,75.50%,75.40%,57.00%,69.30%
104,14-Jun,2014,Jun,63.00%,39.40%,59.60%,66.60%,75.60%,75.60%,57.10%,69.30%
105,14-May,2014,May,63.00%,39.50%,59.70%,66.60%,75.60%,75.60%,57.10%,69.40%
106,14-Apr,2014,Apr,63.10%,39.60%,59.80%,66.70%,75.60%,75.60%,57.10%,69.50%
107,14-Mar,2014,Mar,63.10%,39.70%,59.90%,66.80%,75.60%,75.70%,57.20%,69.50%
108,14-Feb,2014,Feb,63.10%,39.70%,59.80%,66.90%,75.60%,75.70%,57.20%,69.60%
109,14-Jan,2014,Jan,63.20%,39.80%,59.80%,67.00%,75.60%,75.70%,57.20%,69.60%
110,13-Dec,2013,Dec,63.20%,39.90%,59.90%,67.10%,75.60%,75.80%,57.20%,69.70%
111,13-Nov,2013,Nov,63.30%,40.00%,59.90%,67.30%,75.60%,75.90%,57.30%,69.80%
112,13-Oct,2013,Oct,63.40%,40.00%,60.00%,67.30%,75.60%,76.00%,57.30%,69.90%
113,13-Sep,2013,Sep,63.40%,40.10%,60.10%,67.50%,75.60%,76.00%,57.40%,69.90%
114,13-Aug,2013,Aug,63.50%,40.20%,60.10%,67.50%,75.70%,76.20%,57.40%,70.00%
115,13-Jul,2013,Jul,63.50%,40.30%,60.20%,67.60%,75.70%,76.20%,57.50%,70.00%
116,13-Jun,2013,Jun,63.50%,40.40%,60.20%,67.60%,75.70%,76.30%,57.50%,70.00%
117,13-May,2013,May,63.60%,40.40%,60.20%,67.70%,75.70%,76.40%,57.50%,70.10%
118,13-Apr,2013,Apr,63.60%,40.40%,60.30%,67.70%,75.80%,76.50%,57.50%,70.10%
119,13-Mar,2013,Mar,63.60%,40.40%,60.30%,67.80%,75.90%,76.50%,57.60%,70.10%
120,13-Feb,2013,Feb,63.70%,40.40%,60.40%,67.90%,75.90%,76.60%,57.60%,70.10%
121,13-Jan,2013,Jan,63.70%,40.40%,60.50%,68.00%,76.00%,76.60%,57.70%,70.20%
122,12-Dec,2012,Dec,63.70%,40.40%,60.50%,68.00%,76.00%,76.50%,57.70%,70.20%
123,12-Nov,2012,Nov,63.70%,40.50%,60.60%,68.00%,76.00%,76.50%,57.70%,70.20%
124,12-Oct,2012,Oct,63.80%,40.60%,60.70%,68.00%,76.00%,76.60%,57.70%,70.20%
125,12-Sep,2012,Sep,63.80%,40.70%,60.70%,68.00%,76.00%,76.60%,57.80%,70.20%
126,12-Aug,2012,Aug,63.80%,40.80%,60.80%,68.10%,76.00%,76.70%,57.80%,70.30%
127,12-Jul,2012,Jul,63.90%,40.90%,60.80%,68.20%,76.00%,76.90%,57.90%,70.30%
128,12-Jun,2012,Jun,63.90%,40.90%,60.90%,68.20%,76.00%,77.00%,57.90%,70.30%
129,12-May,2012,May,63.90%,40.90%,60.90%,68.20%,76.00%,77.10%,57.90%,70.30%
130,12-Apr,2012,Apr,64.00%,40.90%,61.00%,68.30%,76.10%,77.20%,57.90%,70.40%
131,12-Mar,2012,Mar,64.00%,41.00%,61.00%,68.30%,76.10%,77.30%,58.00%,70.40%
132,12-Feb,2012,Feb,64.00%,41.00%,61.10%,68.40%,76.20%,77.30%,58.00%,70.40%
133,12-Jan,2012,Jan,64.10%,41.00%,61.20%,68.40%,76.20%,77.30%,58.10%,70.40%
134,11-Dec,2011,Dec,64.10%,41.00%,61.30%,68.40%,76.30%,77.30%,58.10%,70.50%
135,11-Nov,2011,Nov,64.10%,40.90%,61.40%,68.50%,76.40%,77.40%,58.10%,70.50%
136,11-Oct,2011,Oct,64.20%,40.90%,61.40%,68.60%,76.50%,77.40%,58.20%,70.50%
137,11-Sep,2011,Sep,64.20%,40.90%,61.50%,68.70%,76.50%,77.40%,58.20%,70.50%
138,11-Aug,2011,Aug,64.20%,40.90%,61.60%,68.70%,76.50%,77.30%,58.20%,70.60%
139,11-Jul,2011,Jul,64.30%,40.80%,61.70%,68.80%,76.60%,77.30%,58.30%,70.70%
140,11-Jun,2011,Jun,64.30%,40.80%,61.80%,68.90%,76.70%,77.30%,58.30%,70.70%
141,11-May,2011,May,64.40%,40.80%,61.90%,69.00%,76.70%,77.30%,58.40%,70.80%
142,11-Apr,2011,Apr,64.40%,40.90%,62.00%,69.10%,76.70%,77.30%,58.40%,70.80%
143,11-Mar,2011,Mar,64.50%,41.10%,62.20%,69.20%,76.70%,77.30%,58.50%,71.00%
144,11-Feb,2011,Feb,64.60%,41.10%,62.30%,69.30%,76.70%,77.30%,58.50%,71.00%
145,11-Jan,2011,Jan,64.60%,41.30%,62.40%,69.30%,76.70%,77.30%,58.60%,71.10%
146,10-Dec,2010,Dec,64.70%,41.30%,62.50%,69.40%,76.80%,77.30%,58.60%,71.20%
147,10-Nov,2010,Nov,64.70%,41.40%,62.60%,69.40%,76.80%,77.30%,58.60%,71.20%
148,10-Oct,2010,Oct,64.80%,41.40%,62.60%,69.40%,76.90%,77.40%,58.70%,71.30%
149,10-Sep,2010,Sep,64.80%,41.40%,62.70%,69.50%,77.00%,77.40%,58.70%,71.30%
150,10-Aug,2010,Aug,64.90%,41.50%,62.70%,69.50%,77.10%,77.40%,58.70%,71.40%
151,10-Jul,2010,Jul,64.90%,41.60%,62.70%,69.60%,77.30%,77.40%,58.80%,71.40%
152,10-Jun,2010,Jun,65.00%,41.80%,62.80%,69.70%,77.30%,77.50%,58.90%,71.50%
153,10-May,2010,May,65.10%,41.90%,62.90%,69.80%,77.40%,77.40%,59.00%,71.60%
154,10-Apr,2010,Apr,65.10%,42.00%,62.90%,69.90%,77.40%,77.50%,59.00%,71.70%
155,10-Mar,2010,Mar,65.20%,42.10%,62.90%,70.00%,77.50%,77.50%,59.00%,71.70%
156,10-Feb,2010,Feb,65.20%,42.20%,62.90%,70.10%,77.60%,77.60%,59.10%,71.80%
157,10-Jan,2010,Jan,65.30%,42.30%,63.00%,70.20%,77.60%,77.70%,59.20%,71.90%
158,9-Dec,2009,Dec,65.40%,42.30%,63.10%,70.30%,77.60%,77.70%,59.20%,72.00%
159,9-Nov,2009,Nov,65.50%,42.40%,63.20%,70.50%,77.70%,77.80%,59.30%,72.10%
160,9-Oct,2009,Oct,65.60%,42.50%,63.30%,70.60%,77.80%,77.80%,59.30%,72.20%
161,9-Sep,2009,Sep,65.60%,42.70%,63.40%,70.70%,77.80%,77.90%,59.40%,72.30%
162,9-Aug,2009,Aug,65.70%,42.70%,63.50%,70.80%,77.80%,77.90%,59.40%,72.40%
163,9-Jul,2009,Jul,65.80%,42.80%,63.70%,70.90%,77.70%,78.00%,59.50%,72.50%
164,9-Jun,2009,Jun,65.80%,42.90%,63.80%,71.00%,77.70%,78.00%,59.50%,72.60%
165,9-May,2009,May,65.90%,42.90%,63.80%,71.00%,77.70%,78.10%,59.50%,72.70%
166,9-Apr,2009,Apr,65.90%,43.00%,63.80%,71.10%,77.70%,78.10%,59.50%,72.80%
167,9-Mar,2009,Mar,65.90%,43.10%,63.80%,71.10%,77.80%,78.20%,59.50%,72.80%
168,9-Feb,2009,Feb,66.00%,43.10%,63.90%,71.10%,77.80%,78.30%,59.50%,72.90%
169,9-Jan,2009,Jan,66.00%,43.20%,63.90%,71.10%,77.80%,78.40%,59.50%,72.90%
170,8-Dec,2008,Dec,66.00%,43.30%,63.90%,71.10%,77.80%,78.50%,59.50%,73.00%
171,8-Nov,2008,Nov,66.00%,43.40%,63.90%,71.10%,77.80%,78.50%,59.50%,73.00%
172,8-Oct,2008,Oct,66.00%,43.50%,64.00%,71.10%,77.80%,78.60%,59.50%,73.00%
173,8-Sep,2008,Sep,66.00%,43.50%,64.00%,71.20%,77.80%,78.50%,59.40%,73.10%
174,8-Aug,2008,Aug,66.00%,43.60%,64.00%,71.10%,77.80%,78.50%,59.50%,73.10%
175,8-Jul,2008,Jul,66.00%,43.60%,64.00%,71.10%,77.80%,78.50%,59.40%,73.10%
176,8-Jun,2008,Jun,66.00%,43.60%,64.00%,71.10%,77.80%,78.50%,59.40%,73.00%
177,8-May,2008,May,66.00%,43.60%,64.00%,71.10%,77.80%,78.60%,59.40%,73.10%
178,8-Apr,2008,Apr,66.00%,43.60%,63.90%,71.10%,77.80%,78.70%,59.30%,73.10%
179,8-Mar,2008,Mar,66.00%,43.70%,63.90%,71.10%,77.80%,78.60%,59.30%,73.10%
180,8-Feb,2008,Feb,66.00%,43.80%,64.00%,71.20%,77.80%,78.60%,59.30%,73.20%
181,8-Jan,2008,Jan,66.00%,44.00%,64.00%,71.20%,77.80%,78.60%,59.30%,73.20%
182,7-Dec,2007,Dec,66.00%,44.10%,64.00%,71.20%,77.90%,78.60%,59.30%,73.20%
183,7-Nov,2007,Nov,66.10%,44.20%,64.10%,71.30%,77.90%,78.50%,59.30%,73.30%
184,7-Oct,2007,Oct,66.10%,44.30%,64.10%,71.30%,78.00%,78.50%,59.30%,73.30%
185,7-Sep,2007,Sep,66.10%,44.40%,64.20%,71.40%,78.00%,78.60%,59.40%,73.40%
186,7-Aug,2007,Aug,66.10%,44.40%,64.20%,71.40%,78.10%,78.60%,59.30%,73.40%
187,7-Jul,2007,Jul,66.20%,44.50%,64.30%,71.50%,78.10%,78.60%,59.40%,73.40%
188,7-Jun,2007,Jun,66.20%,44.50%,64.30%,71.50%,78.10%,78.60%,59.40%,73.40%
189,7-May,2007,May,66.20%,44.70%,64.40%,71.50%,78.10%,78.60%,59.40%,73.50%
190,7-Apr,2007,Apr,66.20%,44.70%,64.50%,71.60%,78.10%,78.50%,59.40%,73.50%
191,7-Mar,2007,Mar,66.20%,44.80%,64.50%,71.60%,78.10%,78.50%,59.40%,73.50%
192,7-Feb,2007,Feb,66.20%,44.80%,64.50%,71.60%,78.00%,78.50%,59.40%,73.50%
193,7-Jan,2007,Jan,66.20%,44.70%,64.50%,71.70%,78.00%,78.40%,59.40%,73.50%
194,6-Dec,2006,Dec,66.20%,44.70%,64.50%,71.70%,78.00%,78.30%,59.40%,73.50%
195,6-Nov,2006,Nov,66.10%,44.60%,64.40%,71.70%,78.00%,78.30%,59.30%,73.40%
196,6-Oct,2006,Oct,66.10%,44.50%,64.50%,71.70%,78.00%,78.30%,59.30%,73.40%
197,6-Sep,2006,Sep,66.10%,44.50%,64.50%,71.70%,77.90%,78.40%,59.30%,73.40%
198,6-Aug,2006,Aug,66.10%,44.50%,64.50%,71.70%,77.90%,78.50%,59.30%,73.40%
199,6-Jul,2006,Jul,66.10%,44.40%,64.50%,71.70%,77.90%,78.60%,59.30%,73.40%
200,6-Jun,2006,Jun,66.10%,44.50%,64.50%,71.70%,77.90%,78.60%,59.30%,73.40%
201,6-May,2006,May,66.10%,44.40%,64.50%,71.80%,77.90%,78.60%,59.30%,73.40%
202,6-Apr,2006,Apr,66.10%,44.40%,64.50%,71.80%,77.90%,78.60%,59.30%,73.40%
203,6-Mar,2006,Mar,66.10%,44.30%,64.50%,71.80%,77.90%,78.60%,59.30%,73.40%
204,6-Feb,2006,Feb,66.10%,44.30%,64.50%,71.80%,77.90%,78.60%,59.30%,73.30%
205,6-Jan,2006,Jan,66.10%,44.20%,64.60%,71.90%,77.90%,78.70%,59.30%,73.30%
206,5-Dec,2005,Dec,66.00%,44.20%,64.60%,71.90%,77.80%,78.80%,59.30%,73.30%
207,5-Nov,2005,Nov,66.00%,44.20%,64.60%,71.90%,77.80%,78.80%,59.20%,73.30%
208,5-Oct,2005,Oct,66.00%,44.20%,64.60%,71.90%,77.80%,78.90%,59.20%,73.30%
209,5-Sep,2005,Sep,66.00%,44.20%,64.60%,71.90%,77.70%,78.90%,59.20%,73.30%
210,5-Aug,2005,Aug,66.00%,44.20%,64.60%,71.80%,77.70%,78.90%,59.10%,73.30%
211,5-Jul,2005,Jul,66.00%,44.30%,64.50%,71.80%,77.70%,78.90%,59.10%,73.30%
212,5-Jun,2005,Jun,66.00%,44.20%,64.60%,71.80%,77.70%,78.90%,59.10%,73.30%
213,5-May,2005,May,66.00%,44.20%,64.60%,71.80%,77.70%,79.00%,59.10%,73.30%
214,5-Apr,2005,Apr,65.90%,44.20%,64.50%,71.80%,77.70%,79.00%,59.10%,73.30%
215,5-Mar,2005,Mar,65.90%,44.20%,64.50%,71.80%,77.70%,79.00%,59.10%,73.30%
216,5-Feb,2005,Feb,66.00%,44.20%,64.50%,71.80%,77.70%,79.00%,59.20%,73.30%
217,5-Jan,2005,Jan,66.00%,44.20%,64.60%,71.80%,77.70%,79.00%,59.20%,73.30%
218,4-Dec,2004,Dec,66.00%,44.20%,64.60%,71.80%,77.70%,79.00%,59.20%,73.30%
219,4-Nov,2004,Nov,66.00%,44.20%,64.70%,71.80%,77.70%,79.00%,59.20%,73.30%
220,4-Oct,2004,Oct,66.00%,44.20%,64.70%,71.80%,77.70%,79.00%,59.20%,73.40%
221,4-Sep,2004,Sep,66.00%,44.20%,64.70%,71.80%,77.70%,79.00%,59.20%,73.40%
222,4-Aug,2004,Aug,66.00%,44.20%,64.70%,71.90%,77.70%,79.00%,59.20%,73.40%
223,4-Jul,2004,Jul,66.00%,44.20%,64.70%,72.00%,77.80%,78.90%,59.20%,73.40%
224,4-Jun,2004,Jun,66.00%,44.20%,64.70%,72.00%,77.80%,78.80%,59.20%,73.30%
225,4-May,2004,May,66.10%,44.30%,64.80%,72.00%,77.90%,78.80%,59.30%,73.40%
226,4-Apr,2004,Apr,66.10%,44.30%,64.90%,72.10%,77.90%,78.80%,59.30%,73.40%
227,4-Mar,2004,Mar,66.10%,44.40%,65.00%,72.10%,78.00%,78.80%,59.40%,73.50%
228,4-Feb,2004,Feb,66.20%,44.40%,65.10%,72.10%,78.00%,78.90%,59.40%,73.50%
229,4-Jan,2004,Jan,66.20%,44.40%,65.10%,72.20%,78.10%,78.90%,59.40%,73.50%
230,3-Dec,2003,Dec,66.20%,44.40%,65.20%,72.30%,78.10%,78.90%,59.50%,73.50%
231,3-Nov,2003,Nov,66.30%,44.50%,65.20%,72.30%,78.20%,78.90%,59.50%,73.50%
232,3-Oct,2003,Oct,66.30%,44.60%,65.20%,72.30%,78.20%,78.80%,59.60%,73.50%
233,3-Sep,2003,Sep,66.30%,44.60%,65.30%,72.40%,78.20%,78.80%,59.60%,73.60%
234,3-Aug,2003,Aug,66.40%,44.70%,65.30%,72.40%,78.30%,78.80%,59.60%,73.70%
235,3-Jul,2003,Jul,66.40%,44.80%,65.40%,72.50%,78.40%,78.90%,59.60%,73.70%
236,3-Jun,2003,Jun,66.40%,44.80%,65.50%,72.50%,78.30%,78.90%,59.60%,73.80%
237,3-May,2003,May,66.50%,44.80%,65.50%,72.50%,78.30%,78.90%,59.60%,73.80%
238,3-Apr,2003,Apr,66.50%,44.80%,65.60%,72.60%,78.40%,78.90%,59.60%,73.90%
239,3-Mar,2003,Mar,66.50%,44.80%,65.60%,72.60%,78.40%,79.10%,59.60%,74.00%
240,3-Feb,2003,Feb,66.50%,44.80%,65.60%,72.60%,78.50%,79.10%,59.60%,74.00%
241,3-Jan,2003,Jan,66.60%,44.90%,65.70%,72.70%,78.50%,79.20%,59.60%,74.10%
242,2-Dec,2002,Dec,66.60%,44.90%,65.70%,72.70%,78.50%,79.20%,59.60%,74.10%
243,2-Nov,2002,Nov,66.60%,45.00%,65.80%,72.80%,78.50%,79.30%,59.60%,74.20%
244,2-Oct,2002,Oct,66.60%,45.00%,65.80%,72.80%,78.60%,79.30%,59.70%,74.20%
245,2-Sep,2002,Sep,66.70%,45.10%,65.80%,72.80%,78.60%,79.40%,59.70%,74.20%
246,2-Aug,2002,Aug,66.70%,45.10%,65.80%,72.90%,78.60%,79.40%,59.60%,74.20%
247,2-Jul,2002,Jul,66.70%,45.10%,65.70%,72.90%,78.60%,79.50%,59.60%,74.20%
248,2-Jun,2002,Jun,66.70%,45.20%,65.70%,72.90%,78.70%,79.60%,59.70%,74.30%
249,2-May,2002,May,66.70%,45.20%,65.70%,73.00%,78.70%,79.70%,59.70%,74.30%
250,2-Apr,2002,Apr,66.70%,45.20%,65.70%,73.00%,78.70%,79.70%,59.70%,74.30%
251,2-Mar,2002,Mar,66.70%,45.30%,65.70%,73.10%,78.80%,79.70%,59.70%,74.30%
252,2-Feb,2002,Feb,66.80%,45.30%,65.80%,73.10%,78.80%,79.70%,59.70%,74.40%
253,2-Jan,2002,Jan,66.80%,45.50%,65.80%,73.20%,78.80%,79.70%,59.70%,74.40%
254,1-Dec,2001,Dec,66.80%,45.50%,65.80%,73.20%,78.80%,79.70%,59.80%,74.40%
255,1-Nov,2001,Nov,66.90%,45.50%,65.80%,73.30%,78.90%,79.80%,59.80%,74.50%
256,1-Oct,2001,Oct,66.90%,45.50%,65.90%,73.30%,78.90%,79.80%,59.80%,74.50%
257,1-Sep,2001,Sep,66.90%,45.50%,65.90%,73.40%,78.90%,79.80%,59.80%,74.50%
258,1-Aug,2001,Aug,66.90%,45.50%,66.00%,73.40%,78.90%,80.00%,59.80%,74.50%
259,1-Jul,2001,Jul,66.90%,45.60%,66.00%,73.40%,78.90%,80.00%,59.90%,74.60%
260,1-Jun,2001,Jun,67.00%,45.60%,66.00%,73.50%,78.90%,80.10%,59.90%,74.60%
261,1-May,2001,May,67.00%,45.60%,66.00%,73.50%,78.90%,80.20%,59.90%,74.70%
262,1-Apr,2001,Apr,67.00%,45.60%,66.10%,73.60%,79.00%,80.30%,59.90%,74.70%
263,1-Mar,2001,Mar,67.10%,45.60%,66.10%,73.60%,79.00%,80.30%,60.00%,74.70%
264,1-Feb,2001,Feb,67.10%,45.60%,66.10%,73.70%,79.10%,80.40%,60.00%,74.80%
265,1-Jan,2001,Jan,67.10%,45.60%,66.10%,73.70%,79.10%,80.40%,59.90%,74.80%
266,Dec-00,2000,Dec,67.10%,45.60%,66.20%,73.60%,79.20%,80.50%,59.90%,74.80%
267,Nov-00,2000,Nov,67.10%,45.60%,66.20%,73.60%,79.20%,80.60%,60.00%,74.80%
268,Oct-00,2000,Oct,67.10%,45.50%,66.30%,73.60%,79.20%,80.70%,60.00%,74.80%
269,Sep-00,2000,Sep,67.10%,45.50%,66.30%,73.70%,79.30%,80.80%,60.00%,74.80%
270,Aug-00,2000,Aug,67.10%,45.40%,66.40%,73.70%,79.30%,80.80%,60.00%,74.80%
271,Jul-00,2000,Jul,67.10%,45.30%,66.40%,73.70%,79.40%,81.00%,60.10%,74.80%
272,Jun-00,2000,Jun,67.20%,45.20%,66.50%,73.80%,79.50%,81.10%,60.10%,74.80%
273,May-00,2000,May,67.20%,45.10%,66.50%,73.70%,79.50%,81.10%,60.10%,74.80%
274,Apr-00,2000,Apr,67.20%,45.10%,66.50%,73.80%,79.60%,81.10%,60.10%,74.80%
275,Mar-00,2000,Mar,67.10%,45.00%,66.50%,73.70%,79.50%,81.10%,60.10%,74.80%
276,Feb-00,2000,Feb,67.10%,45.00%,66.50%,73.70%,79.60%,81.10%,60.00%,74.80%
277,Jan-00,2000,Jan,67.10%,44.90%,66.50%,73.70%,79.60%,81.10%,60.00%,74.70%
278,Dec-99,1999,Dec,67.10%,44.90%,66.60%,73.70%,79.60%,81.20%,60.00%,74.70%
279,Nov-99,1999,Nov,67.10%,44.90%,66.60%,73.70%,79.60%,81.30%,60.00%,74.70%
280,Oct-99,1999,Oct,67.10%,44.90%,66.60%,73.70%,79.60%,81.40%,60.00%,74.80%
281,Sep-99,1999,Sep,67.10%,44.90%,66.60%,73.80%,79.60%,81.40%,60.00%,74.80%
282,Aug-99,1999,Aug,67.10%,45.00%,66.60%,73.80%,79.70%,81.40%,60.00%,74.80%
283,Jul-99,1999,Jul,67.10%,45.00%,66.70%,73.80%,79.70%,81.30%,60.00%,74.80%
284,"Tuesday, June 1, 1999",1999,#VALUE!,67.10%,45.00%,66.70%,73.80%,79.70%,81.40%,60.00%,74.80%
285,May-99,1999,May,67.10%,45.10%,66.70%,73.80%,79.70%,81.40%,59.90%,74.90%
286,Apr-99,1999,Apr,67.10%,45.10%,66.80%,73.80%,79.80%,81.40%,59.90%,74.90%
287,Mar-99,1999,Mar,67.10%,45.10%,66.80%,73.80%,79.80%,81.50%,59.90%,74.90%
288,Feb-99,1999,Feb,67.10%,45.10%,66.80%,73.90%,79.90%,81.50%,59.90%,74.90%
289,Jan-99,1999,Jan,67.10%,45.10%,66.80%,73.90%,79.90%,81.50%,59.90%,74.90%
290,Dec-98,1998,Dec,67.10%,45.10%,66.80%,73.90%,79.90%,81.50%,59.80%,74.90%
291,Nov-98,1998,Nov,67.10%,45.00%,66.90%,74.00%,79.90%,81.50%,59.90%,74.90%
292,Oct-98,1998,Oct,67.10%,45.00%,66.90%,74.00%,80.00%,81.50%,59.90%,74.90%
293,Sep-98,1998,Sep,67.10%,45.00%,67.00%,74.00%,80.00%,81.50%,59.90%,74.90%
294,Aug-98,1998,Aug,67.10%,44.90%,67.00%,74.00%,80.10%,81.50%,59.90%,74.90%
295,Jul-98,1998,Jul,67.10%,44.90%,67.10%,74.00%,80.10%,81.60%,59.90%,75.00%
296,Jun-98,1998,Jun,67.20%,44.90%,67.20%,74.00%,80.20%,81.70%,59.90%,75.00%
297,May-98,1998,May,67.20%,44.80%,67.20%,74.10%,80.20%,81.70%,59.90%,75.00%
298,Apr-98,1998,Apr,67.20%,44.80%,67.30%,74.10%,80.10%,81.80%,60.00%,75.00%
299,Mar-98,1998,Mar,67.20%,44.70%,67.40%,74.20%,80.10%,81.80%,60.00%,75.00%
300,Feb-98,1998,Feb,67.20%,44.70%,67.40%,74.20%,80.10%,81.90%,59.90%,75.10%
301,Jan-98,1998,Jan,67.20%,44.60%,67.50%,74.30%,80.10%,82.00%,59.90%,75.10%
302,Dec-97,1997,Dec,67.20%,44.50%,67.50%,74.40%,80.10%,82.00%,59.90%,75.10%
303,Nov-97,1997,Nov,67.20%,44.40%,67.50%,74.40%,80.10%,82.00%,59.90%,75.10%
304,Oct-97,1997,Oct,67.20%,44.40%,67.50%,74.40%,80.10%,82.10%,59.90%,75.00%
305,Sep-97,1997,Sep,67.20%,44.30%,67.50%,74.50%,80.10%,82.20%,59.80%,75.10%
306,Aug-97,1997,Aug,67.10%,44.20%,67.50%,74.50%,80.10%,82.30%,59.80%,75.10%
307,Jul-97,1997,Jul,67.10%,44.20%,67.40%,74.50%,80.00%,82.40%,59.70%,75.10%
308,Jun-97,1997,Jun,67.10%,44.10%,67.50%,74.50%,80.10%,82.40%,59.70%,75.10%
309,May-97,1997,May,67.10%,44.00%,67.40%,74.50%,80.10%,82.40%,59.70%,75.10%
310,Apr-97,1997,Apr,67.00%,44.00%,67.40%,74.50%,80.10%,82.40%,59.60%,75.10%
311,Mar-97,1997,Mar,67.00%,43.90%,67.40%,74.50%,80.00%,82.40%,59.60%,75.10%
312,Feb-97,1997,Feb,67.00%,43.80%,67.30%,74.50%,80.00%,82.50%,59.50%,75.10%
313,Jan-97,1997,Jan,66.90%,43.70%,67.30%,74.50%,80.00%,82.50%,59.40%,75.10%
314,Dec-96,1996,Dec,66.90%,43.60%,67.30%,74.40%,80.00%,82.50%,59.30%,75.00%
315,Nov-96,1996,Nov,66.80%,43.50%,67.20%,74.40%,80.00%,82.60%,59.30%,75.00%
316,Oct-96,1996,Oct,66.80%,43.50%,67.20%,74.30%,79.90%,82.60%,59.20%,75.00%
317,Sep-96,1996,Sep,66.70%,43.50%,67.20%,74.20%,79.90%,82.60%,59.20%,75.00%
318,Aug-96,1996,Aug,66.70%,43.50%,67.20%,74.20%,80.00%,82.50%,59.10%,75.00%
319,Jul-96,1996,Jul,66.70%,43.40%,67.20%,74.20%,80.10%,82.40%,59.10%,75.00%
320,Jun-96,1996,Jun,66.70%,43.30%,67.20%,74.20%,80.10%,82.40%,59.10%,74.90%
321,May-96,1996,May,66.70%,43.20%,67.20%,74.20%,80.20%,82.40%,59.10%,74.90%
322,Apr-96,1996,Apr,66.70%,43.20%,67.20%,74.20%,80.20%,82.50%,59.10%,74.90%
323,Mar-96,1996,Mar,66.70%,43.10%,67.20%,74.20%,80.30%,82.60%,59.10%,74.90%
324,Feb-96,1996,Feb,66.70%,43.10%,67.20%,74.20%,80.40%,82.60%,59.10%,75.00%
325,Jan-96,1996,Jan,66.70%,43.10%,67.20%,74.20%,80.50%,82.60%,59.10%,75.00%
326,Dec-95,1995,Dec,66.70%,43.10%,67.20%,74.30%,80.60%,82.60%,59.00%,75.10%
327,Nov-95,1995,Nov,66.70%,43.20%,67.20%,74.40%,80.70%,82.60%,59.00%,75.10%
328,Oct-95,1995,Oct,66.80%,43.20%,67.20%,74.50%,80.70%,82.60%,59.00%,75.20%
329,Sep-95,1995,Sep,66.80%,43.20%,67.20%,74.50%,80.80%,82.60%,59.00%,75.20%
330,Aug-95,1995,Aug,66.80%,43.10%,67.20%,74.60%,80.80%,82.70%,59.00%,75.20%
331,Jul-95,1995,Jul,66.80%,43.10%,67.20%,74.70%,80.90%,82.80%,59.00%,75.30%
332,Jun-95,1995,Jun,66.80%,43.10%,67.20%,74.70%,80.80%,82.80%,59.00%,75.30%
333,May-95,1995,May,66.80%,43.10%,67.10%,74.80%,80.90%,82.80%,59.00%,75.20%
334,Apr-95,1995,Apr,66.70%,43.10%,67.10%,74.80%,80.90%,82.90%,59.00%,75.20%
335,Mar-95,1995,Mar,66.70%,43.10%,67.10%,74.80%,80.90%,82.80%,58.90%,75.20%
336,Feb-95,1995,Feb,66.70%,43.00%,67.10%,74.80%,80.80%,82.80%,58.90%,75.10%
337,Jan-95,1995,Jan,66.70%,42.90%,67.20%,74.80%,80.90%,82.70%,58.90%,75.10%
338,Dec-94,1994,Dec,66.70%,42.90%,67.20%,74.70%,80.90%,82.80%,58.90%,75.10%
339,Nov-94,1994,Nov,66.60%,42.80%,67.20%,74.70%,80.90%,82.80%,58.80%,75.10%
340,Oct-94,1994,Oct,66.60%,42.70%,67.20%,74.70%,80.80%,82.80%,58.80%,75.10%
341,Sep-94,1994,Sep,66.50%,42.60%,67.20%,74.60%,80.80%,82.80%,58.70%,75.10%
342,Aug-94,1994,Aug,66.50%,42.60%,67.20%,74.60%,80.70%,82.80%,58.60%,75.10%
343,Jul-94,1994,Jul,66.50%,42.60%,67.20%,74.60%,80.70%,82.80%,58.50%,75.10%
344,Jun-94,1994,Jun,66.50%,42.70%,67.20%,74.50%,80.70%,82.90%,58.40%,75.20%
345,May-94,1994,May,66.50%,42.70%,67.30%,74.50%,80.70%,83.00%,58.40%,75.30%
346,Apr-94,1994,Apr,66.50%,42.70%,67.30%,74.60%,80.70%,82.90%,58.30%,75.30%
347,Mar-94,1994,Mar,66.40%,42.60%,67.30%,74.60%,80.70%,82.90%,58.20%,75.40%
348,Feb-94,1994,Feb,66.40%,42.60%,67.30%,74.60%,80.70%,83.00%,58.10%,75.40%
349,Jan-94,1994,Jan,66.40%,42.60%,67.30%,74.50%,80.70%,83.10%,58.00%,75.40%
350,Dec-93,1993,Dec,66.30%,42.60%,67.40%,74.50%,80.60%,83.10%,58.00%,75.50%
351,Nov-93,1993,Nov,66.30%,42.60%,67.40%,74.50%,80.60%,83.10%,57.90%,75.50%
352,Oct-93,1993,Oct,66.30%,42.60%,67.50%,74.50%,80.60%,83.10%,57.90%,75.50%
353,Sep-93,1993,Sep,66.30%,42.70%,67.50%,74.50%,80.60%,83.10%,57.80%,75.50%
354,Aug-93,1993,Aug,66.30%,42.70%,67.60%,74.50%,80.60%,83.20%,57.80%,75.60%
355,Jul-93,1993,Jul,66.40%,42.80%,67.60%,74.50%,80.60%,83.20%,57.80%,75.60%
356,Jun-93,1993,Jun,66.40%,42.90%,67.70%,74.50%,80.60%,83.30%,57.80%,75.70%
357,May-93,1993,May,66.40%,43.00%,67.80%,74.50%,80.60%,83.40%,57.80%,75.70%
358,Apr-93,1993,Apr,66.40%,43.10%,67.80%,74.50%,80.60%,83.40%,57.80%,75.80%
359,Mar-93,1993,Mar,66.40%,43.20%,67.90%,74.40%,80.60%,83.40%,57.90%,75.80%
360,Feb-93,1993,Feb,66.50%,43.20%,68.00%,74.40%,80.60%,83.40%,57.90%,75.80%
361,Jan-93,1993,Jan,66.50%,43.30%,68.10%,74.40%,80.60%,83.50%,57.90%,75.80%
362,Dec-92,1992,Dec,66.50%,43.40%,68.10%,74.40%,80.60%,83.50%,57.90%,75.90%
363,Nov-92,1992,Nov,66.40%,43.40%,68.20%,74.30%,80.60%,83.50%,57.80%,75.80%
364,Oct-92,1992,Oct,66.40%,43.40%,68.20%,74.30%,80.50%,83.50%,57.80%,75.90%
365,Sep-92,1992,Sep,66.40%,43.50%,68.30%,74.20%,80.50%,83.50%,57.80%,75.80%
366,Aug-92,1992,Aug,66.40%,43.50%,68.40%,74.20%,80.50%,83.40%,57.80%,75.80%
367,Jul-92,1992,Jul,66.40%,43.50%,68.40%,74.20%,80.50%,83.40%,57.70%,75.80%
368,Jun-92,1992,Jun,66.30%,43.40%,68.40%,74.10%,80.50%,83.30%,57.60%,75.80%
369,May-92,1992,May,66.30%,43.40%,68.40%,74.10%,80.50%,83.30%,57.60%,75.80%
370,Apr-92,1992,Apr,66.20%,43.40%,68.40%,74.10%,80.50%,83.30%,57.50%,75.70%
371,Mar-92,1992,Mar,66.20%,43.40%,68.50%,74.00%,80.60%,83.30%,57.50%,75.70%
372,Feb-92,1992,Feb,66.20%,43.50%,68.50%,74.00%,80.60%,83.20%,57.50%,75.80%
373,Jan-92,1992,Jan,66.20%,43.50%,68.50%,74.00%,80.60%,83.10%,57.40%,75.80%
374,Dec-91,1991,Dec,66.20%,43.60%,68.50%,73.90%,80.60%,83.10%,57.40%,75.80%
375,Nov-91,1991,Nov,66.20%,43.70%,68.60%,73.90%,80.70%,83.10%,57.40%,75.90%
376,Oct-91,1991,Oct,66.20%,43.70%,68.60%,73.90%,80.80%,83.10%,57.40%,75.90%
377,Sep-91,1991,Sep,66.30%,43.80%,68.70%,73.90%,80.80%,83.20%,57.40%,76.00%
378,Aug-91,1991,Aug,66.30%,43.80%,68.80%,73.80%,80.90%,83.20%,57.40%,76.00%
379,Jul-91,1991,Jul,66.30%,43.90%,68.90%,73.90%,80.90%,83.30%,57.40%,76.10%
380,Jun-91,1991,Jun,66.40%,43.90%,68.90%,73.90%,81.00%,83.30%,57.40%,76.10%
381,May-91,1991,May,66.40%,44.00%,69.00%,73.90%,81.10%,83.30%,57.40%,76.20%
382,Apr-91,1991,Apr,66.40%,44.10%,69.10%,73.90%,81.10%,83.30%,57.50%,76.20%
383,Mar-91,1991,Mar,66.40%,44.10%,69.10%,73.90%,81.10%,83.40%,57.50%,76.30%
384,Feb-91,1991,Feb,66.50%,44.10%,69.20%,73.90%,81.10%,83.40%,57.50%,76.30%
385,Jan-91,1991,Jan,66.50%,44.20%,69.30%,73.90%,81.10%,83.50%,57.50%,76.30%
386,Dec-90,1990,Dec,66.50%,44.20%,69.30%,74.00%,81.10%,83.50%,57.50%,76.40%
387,Nov-90,1990,Nov,66.50%,44.20%,69.40%,74.10%,81.10%,83.50%,57.50%,76.40%
388,Oct-90,1990,Oct,66.60%,44.30%,69.40%,74.10%,81.10%,83.50%,57.60%,76.40%
389,Sep-90,1990,Sep,66.60%,44.40%,69.40%,74.20%,81.10%,83.50%,57.60%,76.40%
390,Aug-90,1990,Aug,66.60%,44.40%,69.40%,74.20%,81.00%,83.60%,57.60%,76.40%
391,Jul-90,1990,Jul,66.60%,44.40%,69.40%,74.20%,80.90%,83.70%,57.60%,76.40%
392,Jun-90,1990,Jun,66.60%,44.40%,69.40%,74.30%,80.90%,83.90%,57.60%,76.50%
393,May-90,1990,May,66.60%,44.40%,69.40%,74.30%,80.80%,84.00%,57.60%,76.50%
394,Apr-90,1990,Apr,66.60%,44.40%,69.40%,74.30%,80.90%,84.00%,57.60%,76.50%
395,Mar-90,1990,Mar,66.60%,44.40%,69.30%,74.30%,80.90%,84.00%,57.50%,76.50%
396,Feb-90,1990,Feb,66.50%,44.40%,69.30%,74.30%,80.90%,83.90%,57.50%,76.50%
397,Jan-90,1990,Jan,66.50%,44.40%,69.20%,74.30%,80.90%,83.90%,57.40%,76.50%
398,Dec-89,1989,Dec,66.50%,44.50%,69.20%,74.30%,80.90%,84.00%,57.40%,76.50%
399,Nov-89,1989,Nov,66.50%,44.50%,69.20%,74.30%,80.90%,84.00%,57.40%,76.40%
400,Oct-89,1989,Oct,66.40%,44.50%,69.20%,74.30%,80.90%,84.10%,57.40%,76.40%
401,Sep-89,1989,Sep,66.40%,44.50%,69.20%,74.30%,80.90%,84.10%,57.30%,76.40%
402,Aug-89,1989,Aug,66.40%,44.50%,69.20%,74.30%,80.90%,84.10%,57.30%,76.40%
403,Jul-89,1989,Jul,66.30%,44.40%,69.10%,74.20%,81.00%,84.10%,57.20%,76.40%
404,Jun-89,1989,Jun,66.30%,44.40%,69.10%,74.20%,80.90%,84.10%,57.10%,76.40%
405,May-89,1989,May,66.20%,44.50%,69.00%,74.10%,80.80%,84.10%,57.00%,76.30%
406,Apr-89,1989,Apr,66.10%,44.50%,68.90%,74.10%,80.80%,84.10%,56.90%,76.30%
407,Mar-89,1989,Mar,66.10%,44.50%,68.90%,74.10%,80.70%,84.10%,56.80%,76.30%
408,Feb-89,1989,Feb,66.00%,44.40%,68.80%,74.00%,80.70%,84.10%,56.80%,76.20%
409,Jan-89,1989,Jan,66.00%,44.40%,68.80%,74.00%,80.70%,84.10%,56.70%,76.20%
410,Dec-88,1988,Dec,65.90%,44.30%,68.80%,73.90%,80.70%,84.10%,56.60%,76.20%
411,Nov-88,1988,Nov,65.90%,44.30%,68.80%,73.90%,80.70%,84.20%,56.50%,76.20%
412,Oct-88,1988,Oct,65.90%,44.20%,68.80%,73.90%,80.70%,84.20%,56.50%,76.20%
413,Sep-88,1988,Sep,65.80%,44.20%,68.80%,73.90%,80.70%,84.10%,56.40%,76.20%
414,Aug-88,1988,Aug,65.80%,44.10%,68.80%,73.90%,80.70%,84.10%,56.40%,76.20%
415,Jul-88,1988,Jul,65.80%,44.10%,68.80%,73.90%,80.70%,84.00%,56.30%,76.20%
416,Jun-88,1988,Jun,65.70%,44.10%,68.90%,74.00%,80.70%,84.10%,56.30%,76.20%
417,May-88,1988,May,65.70%,44.00%,68.90%,73.90%,80.70%,84.10%,56.30%,76.10%
418,Apr-88,1988,Apr,65.70%,44.00%,69.00%,74.00%,80.70%,84.20%,56.30%,76.20%
419,Mar-88,1988,Mar,65.70%,44.00%,69.00%,74.00%,80.60%,84.20%,56.20%,76.20%
420,Feb-88,1988,Feb,65.70%,43.90%,69.10%,73.90%,80.50%,84.20%,56.20%,76.20%
421,Jan-88,1988,Jan,65.70%,43.90%,69.10%,73.90%,80.50%,84.20%,56.10%,76.20%
422,Dec-87,1987,Dec,65.60%,43.80%,69.10%,73.90%,80.50%,84.20%,56.00%,76.20%
423,Nov-87,1987,Nov,65.60%,43.80%,69.10%,73.90%,80.50%,84.10%,55.90%,76.20%
424,Oct-87,1987,Oct,65.60%,43.80%,69.10%,73.90%,80.40%,84.10%,55.90%,76.30%
425,Sep-87,1987,Sep,65.50%,43.80%,69.10%,73.90%,80.30%,84.00%,55.80%,76.30%
426,Aug-87,1987,Aug,65.50%,43.80%,69.20%,73.90%,80.30%,84.10%,55.80%,76.30%
427,Jul-87,1987,Jul,65.50%,43.80%,69.10%,73.80%,80.20%,84.10%,55.70%,76.30%
428,Jun-87,1987,Jun,65.50%,43.80%,69.20%,73.80%,80.20%,84.20%,55.70%,76.30%
429,May-87,1987,May,65.50%,43.80%,69.20%,73.80%,80.20%,84.30%,55.70%,76.30%
430,Apr-87,1987,Apr,65.40%,43.80%,69.20%,73.70%,80.20%,84.30%,55.60%,76.30%
431,Mar-87,1987,Mar,65.40%,43.80%,69.20%,73.60%,80.20%,84.20%,55.50%,76.30%
432,Feb-87,1987,Feb,65.40%,43.80%,69.20%,73.60%,80.20%,84.20%,55.50%,76.30%
433,Jan-87,1987,Jan,65.30%,43.80%,69.20%,73.50%,80.20%,84.10%,55.40%,76.30%
434,Dec-86,1986,Dec,65.30%,43.70%,69.20%,73.50%,80.30%,84.00%,55.40%,76.30%
435,Nov-86,1986,Nov,65.30%,43.70%,69.20%,73.50%,80.30%,84.00%,55.30%,76.30%
436,Oct-86,1986,Oct,65.20%,43.70%,69.20%,73.40%,80.30%,84.10%,55.30%,76.20%
437,Sep-86,1986,Sep,65.20%,43.60%,69.20%,73.40%,80.30%,84.20%,55.20%,76.30%
438,Aug-86,1986,Aug,65.20%,43.60%,69.10%,73.40%,80.40%,84.30%,55.10%,76.30%
439,Jul-86,1986,Jul,65.10%,43.60%,69.10%,73.30%,80.40%,84.30%,55.00%,76.30%
440,Jun-86,1986,Jun,65.00%,43.60%,69.00%,73.20%,80.30%,84.30%,54.90%,76.30%
441,May-86,1986,May,65.00%,43.60%,68.90%,73.10%,80.20%,84.20%,54.80%,76.30%
442,Apr-86,1986,Apr,64.90%,43.60%,68.90%,73.20%,80.20%,84.20%,54.70%,76.30%
443,Mar-86,1986,Mar,64.90%,43.60%,68.90%,73.10%,80.20%,84.20%,54.60%,76.30%
444,Feb-86,1986,Feb,64.90%,43.60%,68.90%,73.10%,80.20%,84.20%,54.60%,76.30%
445,Jan-86,1986,Jan,64.90%,43.60%,68.90%,73.00%,80.20%,84.30%,54.60%,76.30%
446,Dec-85,1985,Dec,64.90%,43.70%,68.90%,73.00%,80.10%,84.40%,54.50%,76.30%
447,Nov-85,1985,Nov,64.80%,43.70%,68.90%,72.90%,80.10%,84.40%,54.50%,76.30%
448,Oct-85,1985,Oct,64.80%,43.80%,68.90%,72.90%,80.00%,84.40%,54.40%,76.30%
449,Sep-85,1985,Sep,64.80%,43.80%,68.90%,72.90%,79.90%,84.30%,54.30%,76.30%
450,Aug-85,1985,Aug,64.70%,43.80%,68.90%,72.80%,79.90%,84.20%,54.20%,76.40%
451,Jul-85,1985,Jul,64.70%,43.90%,68.90%,72.80%,79.90%,84.30%,54.20%,76.40%
452,Jun-85,1985,Jun,64.70%,43.80%,68.90%,72.80%,79.90%,84.30%,54.20%,76.40%
453,May-85,1985,May,64.70%,43.90%,68.90%,72.80%,79.90%,84.40%,54.20%,76.50%
454,Apr-85,1985,Apr,64.70%,43.90%,69.00%,72.70%,79.90%,84.40%,54.10%,76.50%
455,Mar-85,1985,Mar,64.70%,43.90%,68.90%,72.70%,79.90%,84.50%,54.10%,76.50%
456,Feb-85,1985,Feb,64.60%,43.80%,68.90%,72.60%,79.80%,84.50%,54.00%,76.50%
457,Jan-85,1985,Jan,64.60%,43.80%,68.80%,72.60%,79.80%,84.60%,53.90%,76.50%
458,Dec-84,1984,Dec,64.50%,43.80%,68.80%,72.60%,79.70%,84.70%,53.80%,76.50%
459,Nov-84,1984,Nov,64.50%,43.90%,68.70%,72.50%,79.70%,84.70%,53.70%,76.50%
460,Oct-84,1984,Oct,64.50%,43.90%,68.70%,72.50%,79.70%,84.70%,53.70%,76.50%
461,Sep-84,1984,Sep,64.40%,43.90%,68.70%,72.40%,79.70%,84.70%,53.60%,76.50%
462,Aug-84,1984,Aug,64.40%,43.90%,68.80%,72.50%,79.70%,84.70%,53.60%,76.50%
463,Jul-84,1984,Jul,64.40%,44.00%,68.80%,72.50%,79.70%,84.60%,53.60%,76.50%
464,Jun-84,1984,Jun,64.40%,44.00%,68.80%,72.50%,79.60%,84.50%,53.50%,76.50%
465,May-84,1984,May,64.40%,44.00%,68.90%,72.50%,79.60%,84.40%,53.50%,76.50%
466,Apr-84,1984,Apr,64.30%,44.00%,68.80%,72.50%,79.50%,84.30%,53.40%,76.50%
467,Mar-84,1984,Mar,64.30%,44.00%,68.80%,72.40%,79.50%,84.20%,53.30%,76.50%
468,Feb-84,1984,Feb,64.20%,44.00%,68.90%,72.40%,79.40%,84.20%,53.20%,76.50%
469,Jan-84,1984,Jan,64.20%,44.00%,68.90%,72.40%,79.40%,84.20%,53.10%,76.50%
470,Dec-83,1983,Dec,64.20%,44.00%,69.00%,72.30%,79.40%,84.20%,53.10%,76.50%
471,Nov-83,1983,Nov,64.20%,44.00%,69.00%,72.30%,79.40%,84.30%,53.10%,76.50%
472,Oct-83,1983,Oct,64.20%,44.10%,69.00%,72.20%,79.40%,84.40%,53.10%,76.50%
473,Sep-83,1983,Sep,64.20%,44.10%,69.00%,72.20%,79.40%,84.50%,53.10%,76.60%
474,Aug-83,1983,Aug,64.20%,44.20%,69.10%,72.10%,79.40%,84.60%,53.00%,76.60%
475,Jul-83,1983,Jul,64.10%,44.20%,69.10%,72.10%,79.30%,84.60%,53.00%,76.60%
476,Jun-83,1983,Jun,64.10%,44.20%,69.10%,72.10%,79.30%,84.60%,53.00%,76.50%
477,May-83,1983,May,64.10%,44.30%,69.10%,72.00%,79.30%,84.50%,52.90%,76.50%
478,Apr-83,1983,Apr,64.10%,44.40%,69.20%,72.00%,79.30%,84.60%,52.90%,76.60%
479,Mar-83,1983,Mar,64.10%,44.50%,69.20%,72.00%,79.30%,84.50%,52.90%,76.60%
480,Feb-83,1983,Feb,64.20%,44.60%,69.30%,72.00%,79.30%,84.50%,52.90%,76.70%
481,Jan-83,1983,Jan,64.20%,44.70%,69.30%,72.00%,79.30%,84.60%,52.90%,76.70%
482,Dec-82,1982,Dec,64.10%,44.80%,69.30%,72.00%,79.20%,84.50%,52.80%,76.80%
483,Nov-82,1982,Nov,64.10%,44.80%,69.30%,72.00%,79.20%,84.50%,52.70%,76.80%
484,Oct-82,1982,Oct,64.10%,44.80%,69.30%,71.90%,79.20%,84.40%,52.70%,76.80%
485,Sep-82,1982,Sep,64.10%,44.90%,69.40%,71.90%,79.10%,84.40%,52.70%,76.80%
486,Aug-82,1982,Aug,64.00%,44.90%,69.40%,71.90%,79.00%,84.40%,52.60%,76.80%
487,Jul-82,1982,Jul,64.00%,44.90%,69.40%,71.80%,79.00%,84.40%,52.50%,76.90%
488,Jun-82,1982,Jun,64.00%,45.00%,69.40%,71.70%,78.90%,84.50%,52.40%,76.90%
489,May-82,1982,May,64.00%,45.00%,69.50%,71.70%,78.90%,84.60%,52.40%,76.90%
490,Apr-82,1982,Apr,64.00%,45.10%,69.50%,71.70%,78.90%,84.70%,52.30%,76.90%
491,Mar-82,1982,Mar,64.00%,45.20%,69.50%,71.80%,78.90%,84.70%,52.30%,77.00%
492,Feb-82,1982,Feb,64.00%,45.30%,69.60%,71.80%,78.90%,84.80%,52.30%,77.00%
493,Jan-82,1982,Jan,64.00%,45.30%,69.70%,71.80%,78.90%,84.80%,52.30%,77.10%
494,Dec-81,1981,Dec,64.00%,45.40%,69.70%,71.80%,78.90%,84.70%,52.30%,77.10%
495,Nov-81,1981,Nov,64.00%,45.50%,69.80%,71.80%,78.80%,84.60%,52.30%,77.10%
496,Oct-81,1981,Oct,64.00%,45.50%,69.80%,71.70%,78.80%,84.50%,52.20%,77.10%
497,Sep-81,1981,Sep,64.00%,45.60%,69.80%,71.70%,78.90%,84.50%,52.20%,77.20%
498,Aug-81,1981,Aug,64.00%,45.70%,69.80%,71.70%,78.90%,84.50%,52.20%,77.20%
499,Jul-81,1981,Jul,64.00%,45.80%,69.80%,71.60%,78.90%,84.50%,52.10%,77.30%
500,Jun-81,1981,Jun,64.00%,45.90%,69.70%,71.70%,78.80%,84.50%,52.10%,77.30%
501,May-81,1981,May,64.00%,45.90%,69.70%,71.70%,78.80%,84.50%,52.00%,77.40%
502,Apr-81,1981,Apr,64.00%,46.00%,69.70%,71.70%,78.70%,84.40%,51.90%,77.40%
503,Mar-81,1981,Mar,63.90%,45.90%,69.70%,71.70%,78.70%,84.50%,51.80%,77.40%
504,Feb-81,1981,Feb,63.90%,45.90%,69.60%,71.70%,78.60%,84.50%,51.70%,77.40%
505,Jan-81,1981,Jan,63.90%,45.90%,69.60%,71.70%,78.60%,84.50%,51.70%,77.40%
506,Dec-80,1980,Dec,63.90%,46.00%,69.60%,71.60%,78.50%,84.50%,51.70%,77.50%
507,Nov-80,1980,Nov,63.90%,46.20%,69.60%,71.60%,78.50%,84.60%,51.70%,77.50%
508,Oct-80,1980,Oct,63.90%,46.30%,69.60%,71.60%,78.50%,84.60%,51.70%,77.60%
509,Sep-80,1980,Sep,63.90%,46.40%,69.70%,71.50%,78.50%,84.60%,51.70%,77.60%
510,Aug-80,1980,Aug,64.00%,46.60%,69.70%,71.50%,78.50%,84.60%,51.70%,77.70%
511,Jul-80,1980,Jul,64.00%,46.70%,69.70%,71.40%,78.50%,84.60%,51.60%,77.70%
512,Jun-80,1980,Jun,64.00%,46.70%,69.70%,71.40%,78.40%,84.50%,51.60%,77.80%
513,May-80,1980,May,64.00%,46.80%,69.70%,71.30%,78.20%,84.50%,51.50%,77.80%
514,Apr-80,1980,Apr,63.90%,46.80%,69.70%,71.20%,78.10%,84.50%,51.50%,77.80%
515,Mar-80,1980,Mar,63.90%,46.90%,69.70%,71.10%,78.00%,84.50%,51.40%,77.90%
516,Feb-80,1980,Feb,63.90%,47.00%,69.70%,71.10%,77.90%,84.50%,51.40%,77.90%
517,Jan-80,1980,Jan,63.90%,47.10%,69.70%,71.00%,77.90%,84.50%,51.30%,77.90%
518,Dec-79,1979,Dec,63.90%,47.20%,69.70%,71.00%,77.80%,84.60%,51.20%,78.00%
519,Nov-79,1979,Nov,63.90%,47.20%,69.60%,71.10%,77.70%,84.60%,51.20%,78.00%
520,Oct-79,1979,Oct,63.90%,47.30%,69.60%,71.10%,77.60%,84.60%,51.10%,78.10%
521,Sep-79,1979,Sep,63.80%,47.30%,69.60%,71.20%,77.60%,84.60%,51.00%,78.10%
522,Aug-79,1979,Aug,63.80%,47.30%,69.50%,71.20%,77.50%,84.50%,50.90%,78.10%
523,Jul-79,1979,Jul,63.70%,47.30%,69.40%,71.20%,77.40%,84.50%,50.80%,78.10%
524,Jun-79,1979,Jun,63.70%,47.40%,69.40%,71.20%,77.40%,84.50%,50.80%,78.10%
525,May-79,1979,May,63.70%,47.40%,69.30%,71.20%,77.50%,84.50%,50.70%,78.10%
526,Apr-79,1979,Apr,63.60%,47.50%,69.30%,71.20%,77.50%,84.50%,50.70%,78.10%
527,Mar-79,1979,Mar,63.60%,47.50%,69.20%,71.20%,77.50%,84.60%,50.60%,78.10%
528,Feb-79,1979,Feb,63.50%,47.50%,69.20%,71.10%,77.50%,84.60%,50.50%,78.10%
529,Jan-79,1979,Jan,63.40%,47.50%,69.10%,71.00%,77.40%,84.50%,50.40%,78.00%
530,Dec-78,1978,Dec,63.40%,47.40%,69.00%,70.80%,77.40%,84.50%,50.20%,78.00%
