year,state,public_instate,private,public_out_of_state
1994,   United States ,2681.0,11481.0,
1995,   United States ,2848.0,12243.0,
1996,   United States ,2987.0,12881.0,
1997,   United States ,3110.0,13344.0,
1998,   United States ,3229.0,13911.0,
1999,   United States ,3349.0,14588.0,
2000,   United States ,3501.0,15470.0,
2001,   United States ,3735.0,16211.0,
2001,   United States ,3735.0,16211.0,
2003,   United States ,4587.0,17777.0,
2004,   United States ,5027.0,18604.0,
2005,   United States ,5351.0,19292.0,
2006,   United States ,5666.232,20517.366,
2007,   United States ,5943.116,21978.543,
2008,   United States ,6311.855,22852.388,
2009,   United States ,6695.054,23209.735,18451.02
2010,   United States ,7136.056,22770.589,19621.679
2011,   United States ,7700.687,23479.418,20608.831
2012,   United States ,8070.18,24525.351,21846.722
2013,   United States ,8311.887,25695.542,22603.174
2014,   United States ,8543.333,26740.372,23523.242
2015,   United States ,8777.846,27950.661,24354.272
2016,   United States ,8804.074,29478.041,24854.39
2017,   United States ,9037.049,30731.212,25657.308
2018,   United States ,9212.453,31874.715,26382.254
2019,   United States ,9349.17,32769.3,27023.22
2020,   United States ,9374.52,32825.3,27090.84
1994,Alabama ,2107.0,7318.0,
1995,Alabama ,2239.0,7580.0,
1996,Alabama ,2362.0,8002.0,
1997,Alabama ,2488.0,8241.0,
1998,Alabama ,2620.0,8423.0,
1999,Alabama ,2831.0,8917.0,
2000,Alabama ,2987.0,9334.0,
2001,Alabama ,3242.0,10135.0,
2001,Alabama ,3242.0,10135.0,
2003,Alabama ,3970.0,11056.0,
2004,Alabama ,4376.0,11724.0,
2005,Alabama ,4578.0,12426.0,
2006,Alabama ,4716.45,13061.209,
2007,Alabama ,4915.826,14428.06,
2008,Alabama ,5553.855,13997.18,
2009,Alabama ,6060.582,15896.383,15201.901
2010,Alabama ,6807.687,16648.777,17426.791
2011,Alabama ,7501.772,13972.511,18731.136
2012,Alabama ,8073.497,13983.426,20380.002
2013,Alabama ,8503.181,14200.952,21389.003
2014,Alabama ,8871.142,14759.354,22498.912
2015,Alabama ,9179.355,15359.495,23260.602
2016,Alabama ,9466.105,15421.537,23999.508
2017,Alabama ,9826.626,16320.713,24939.325
2018,Alabama ,10137.789,16118.98,25782.014
2019,Alabama ,10322.92,16742.59,26516.7
2020,Alabama ,10616.86,17353.56,27004.54
1994,Alaska ,2039.0,8302.0,
1995,Alaska ,2488.0,7996.0,
1996,Alaska ,2550.0,8131.0,
1997,Alaska ,2611.0,8716.0,
1998,Alaska ,2761.0,8093.0,
1999,Alaska ,2852.0,8661.0,
2000,Alaska ,2941.0,9381.0,
2001,Alaska ,3062.0,10161.0,
2001,Alaska ,3062.0,10161.0,
2003,Alaska ,3430.0,11877.0,
2004,Alaska ,3779.0,14300.0,
2005,Alaska ,4054.0,14891.0,
2006,Alaska ,4422.147,16300.88,
2007,Alaska ,4747.487,18400.949,
2008,Alaska ,5008.255,19194.077,
2009,Alaska ,5246.011,19764.921,15245.692
2010,Alaska ,5577.849,21070.004,16178.923
2011,Alaska ,5956.537,20703.806,17608.385
2012,Alaska ,6316.954,21495.621,18790.21
2013,Alaska ,6140.969,20942.577,18458.173
2014,Alaska ,6356.28,19135.882,19185.118
2015,Alaska ,6880.249,19957.263,20462.816
2016,Alaska ,7210.342,18876.363,21431.489
2017,Alaska ,7221.032,19360.055,21283.982
2018,Alaska ,8396.231,19314.57,24453.874
2019,Alaska ,8296.67,19682.34,26766.68
2020,Alaska ,8849.2,19574.68,25535.4
1994,Arizona ,1894.0,6225.0,
1995,Arizona ,1926.0,7008.0,
1996,Arizona ,2009.0,7886.0,
1997,Arizona ,2058.0,6903.0,
1998,Arizona ,2158.0,7439.0,
1999,Arizona ,2252.0,7873.0,
2000,Arizona ,2346.0,9322.0,
2001,Arizona ,2488.0,10716.0,
2001,Arizona ,2488.0,10716.0,
2003,Arizona ,3587.0,12466.0,
2004,Arizona ,4075.0,13093.0,
2005,Arizona ,4426.0,11397.0,
2006,Arizona ,4665.288,14449.731,
2007,Arizona ,4950.766,14188.098,
2008,Arizona ,5589.304,16429.936,
2009,Arizona ,6720.013,17389.178,20115.884
2010,Arizona ,7684.756,12260.56,20210.01
2011,Arizona ,9021.24,11789.872,21529.167
2012,Arizona ,9694.058,11650.405,21200.755
2013,Arizona ,9906.408,11461.856,22877.972
2014,Arizona ,9775.248,12201.219,23180.49
2015,Arizona ,9884.209,12667.483,24160.851
2016,Arizona ,10056.575,13139.738,25061.481
2017,Arizona ,10557.034,13487.405,26067.427
2018,Arizona ,10665.892,12710.637,26383.379
2019,Arizona ,11072.27,12895.01,27417.2
2020,Arizona ,11409.74,13108.34,25426.11
1994,Arkansas ,1954.0,6197.0,
1995,Arkansas ,2028.0,6553.0,
1996,Arkansas ,2258.0,7037.0,
1997,Arkansas ,2452.0,7591.0,
1998,Arkansas ,2582.0,7910.0,
1999,Arkansas ,2784.0,8470.0,
2000,Arkansas ,3011.0,9109.0,
2001,Arkansas ,3371.0,9888.0,
2001,Arkansas ,3371.0,9888.0,
2003,Arkansas ,4006.0,11041.0,
2004,Arkansas ,4294.0,11839.0,
2005,Arkansas ,4643.0,12691.0,
2006,Arkansas ,4954.054,13370.999,
2007,Arkansas ,5425.385,14025.452,
2008,Arkansas ,5748.314,14883.916,
2009,Arkansas ,5845.641,15515.562,12610.181
2010,Arkansas ,6117.355,16102.894,13582.103
2011,Arkansas ,6366.521,16968.909,14315.282
2012,Arkansas ,6604.334,18004.387,15668.889
2013,Arkansas ,6893.628,19103.971,16265.505
2014,Arkansas ,7260.749,19973.918,17219.059
2015,Arkansas ,7577.495,20936.391,18306.489
2016,Arkansas ,7924.042,21709.817,19322.961
2017,Arkansas ,8186.904,22609.893,20060.615
2018,Arkansas ,8390.619,23179.152,20824.619
2019,Arkansas ,8688.71,23874.71,21459.88
2020,Arkansas ,8467.88,24997.8,21597.51
1994,California ,2696.0,11847.0,
1995,California ,2664.0,13905.0,
1996,California ,2720.0,14429.0,
1997,California ,2712.0,13016.0,
1998,California ,2617.0,13884.0,
1999,California ,2562.0,14996.0,
2000,California ,2566.0,17219.0,
2001,California ,2719.0,18394.0,
2001,California ,2719.0,18394.0,
2003,California ,3800.0,19749.0,
2004,California ,4322.0,20795.0,
2005,California ,4408.0,21691.0,
2006,California ,4444.769,23257.731,
2007,California ,4870.457,24616.16,
2008,California ,5266.406,25780.303,
2009,California ,6240.408,26397.075,24318.795
2010,California ,7357.418,26519.357,26508.633
2011,California ,8907.411,27192.703,28176.944
2012,California ,8892.354,28344.902,30765.343
2013,California ,8903.385,29678.301,30663.231
2014,California ,9008.328,27387.532,30175.346
2015,California ,9070.409,29518.755,31526.153
2016,California ,7896.422,31495.075,28253.183
2017,California ,8019.907,33483.411,29172.831
2018,California ,8118.092,35524.214,31422.677
2019,California ,8192.43,37008.66,32177.16
2020,California ,8401.24,38476.64,34398.46
1994,Colorado ,2380.0,11060.0,
1995,Colorado ,2472.0,11899.0,
1996,Colorado ,2561.0,12003.0,
1997,Colorado ,2620.0,12101.0,
1998,Colorado ,2687.0,12914.0,
1999,Colorado ,2776.0,13254.0,
2000,Colorado ,2980.0,15445.0,
2001,Colorado ,3166.0,16917.0,
2001,Colorado ,3166.0,16917.0,
2003,Colorado ,3451.0,17472.0,
2004,Colorado ,3520.0,17857.0,
2005,Colorado ,4465.0,18493.0,
2006,Colorado ,4644.711,18831.636,
2007,Colorado ,5262.239,19586.671,
2008,Colorado ,5693.031,18757.316,
2009,Colorado ,6188.078,18807.504,23566.858
2010,Colorado ,6669.698,19116.135,24255.43
2011,Colorado ,7166.92,18237.913,23661.076
2012,Colorado ,7655.514,19967.417,25470.497
2013,Colorado ,8228.331,20358.821,26233.084
2014,Colorado ,8722.032,21602.997,27058.928
2015,Colorado ,9127.852,22332.217,27986.08
2016,Colorado ,9351.817,22626.722,28986.059
2017,Colorado ,9539.832,22872.593,29846.092
2018,Colorado ,9394.204,23560.427,30139.723
2019,Colorado ,9144.13,23790.71,30773.06
2020,Colorado ,9268.92,23128.17,30930.28
2018,Connecticut,12958.972,41807.187,33708.979
2019,Connecticut,13886.48,43242.23,35197.43
2020,Connecticut,14486.78,43012.65,36880.76
1994,Connecticut ,3737.0,15521.0,
1995,Connecticut ,3850.0,16601.0,
1996,Connecticut ,4111.0,17458.0,
1997,Connecticut ,4270.0,18301.0,
1998,Connecticut ,4352.0,18921.0,
1999,Connecticut ,4381.0,19772.0,
2000,Connecticut ,4553.0,20056.0,
2001,Connecticut ,4780.0,21016.0,
2001,Connecticut ,4780.0,21016.0,
2003,Connecticut ,5777.0,23434.0,
2004,Connecticut ,6388.0,24641.0,
2005,Connecticut ,6709.0,26183.0,
2006,Connecticut ,7147.747,27666.136,
2007,Connecticut ,7459.388,29320.514,
2008,Connecticut ,7883.077,30768.075,
2009,Connecticut ,8375.353,31878.108,23347.685
2010,Connecticut ,8854.035,32580.625,24981.056
2011,Connecticut ,9068.871,34394.391,25615.739
2012,Connecticut ,9517.294,35335.764,26688.4
2013,Connecticut ,10127.55,35406.893,28336.515
2014,Connecticut ,10535.029,36304.468,31003.984
2015,Connecticut ,11106.14,37678.988,32870.205
2016,Connecticut ,11725.532,38975.012,32835.689
2017,Connecticut ,12355.172,40410.486,33741.029
1994,Delaware ,3805.0,7159.0,
1995,Delaware ,4003.0,7285.0,
1996,Delaware ,4170.0,7444.0,
1997,Delaware ,4317.0,7769.0,
1998,Delaware ,4481.0,7886.0,
1999,Delaware ,4642.0,8269.0,
2000,Delaware ,4789.0,8415.0,
2001,Delaware ,5063.0,8980.0,
2001,Delaware ,5063.0,8980.0,
2003,Delaware ,6183.0,9680.0,
2004,Delaware ,6669.0,10114.0,
2005,Delaware ,7074.0,10819.0,
2006,Delaware ,7414.175,11709.666,
2007,Delaware ,7818.674,12522.635,
2008,Delaware ,8305.708,12554.034,
2009,Delaware ,9025.848,12951.357,21598.098
2010,Delaware ,9646.134,12989.352,23047.398
2011,Delaware ,10523.642,13466.802,24822.328
2012,Delaware ,10929.058,12942.886,26227.854
2013,Delaware ,11277.93,13444.008,27162.227
2014,Delaware ,11492.154,13720.267,28279.108
2015,Delaware ,11669.659,14200.141,28961.746
2016,Delaware ,9577.742,14383.363,28497.097
2017,Delaware ,9998.868,15096.133,29355.581
2018,Delaware ,10607.206,14757.761,30405.207
2019,Delaware ,11090.92,14857.64,31581.56
2020,Delaware ,11343.31,14501.0,31809.27
1994,District of Columbia ,1046.0,14021.0,
1995,District of Columbia ,1118.0,14734.0,
1996,District of Columbia ,1502.0,15586.0,
1997,District of Columbia ,1910.0,16400.0,
1998,District of Columbia ,2010.0,17168.0,
1999,District of Columbia ,2070.0,18447.0,
2000,District of Columbia ,2070.0,19186.0,
2001,District of Columbia ,2070.0,18751.0,
2001,District of Columbia ,2070.0,18751.0,
2003,District of Columbia ,2070.0,20312.0,
2004,District of Columbia ,2070.0,22134.0,
2005,District of Columbia ,2070.0,22748.0,
2006,District of Columbia ,2670.0,23754.513,
2007,District of Columbia ,3140.0,24825.537,
2008,District of Columbia ,3140.0,25231.528,
2009,District of Columbia ,5370.0,25713.101,12300.0
2010,District of Columbia ,7000.0,32190.93,14000.0
2011,District of Columbia ,7000.0,33525.669,14000.0
2012,District of Columbia ,7244.0,35524.488,14540.0
2013,District of Columbia ,7255.0,36722.804,14535.0
2014,District of Columbia ,5251.0,37949.364,11233.0
2015,District of Columbia ,5251.0,38900.798,11233.0
2016,District of Columbia ,5612.0,40617.775,11756.0
2017,District of Columbia ,5756.0,41775.223,12092.0
2018,District of Columbia ,5888.0,43143.084,12416.0
2019,District of Columbia ,6020.0,44133.77,12704.0
2020,District of Columbia ,6152.0,44692.27,13004.0
1994,Florida ,1783.0,9785.0,
1995,Florida ,1766.0,10447.0,
1996,Florida ,1789.0,11112.0,
1997,Florida ,1911.0,11525.0,
1998,Florida ,2024.0,12033.0,
1999,Florida ,2242.0,12352.0,
2000,Florida ,2366.0,13805.0,
2001,Florida ,2555.0,13988.0,
2001,Florida ,2555.0,13988.0,
2003,Florida ,2534.0,15845.0,
2004,Florida ,2648.0,16285.0,
2005,Florida ,2941.0,17503.0,
2006,Florida ,3009.464,18298.937,
2007,Florida ,2967.445,19645.166,
2008,Florida ,3292.57,18808.248,
2009,Florida ,3452.306,19116.144,13797.661
2010,Florida ,3720.006,19242.381,16327.074
2011,Florida ,4031.911,19944.367,16783.516
2012,Florida ,4377.303,20155.343,17049.838
2013,Florida ,4422.815,20970.705,17077.197
2014,Florida ,4455.811,21578.169,17771.144
2015,Florida ,4438.32,22793.482,17656.17
2016,Florida ,4434.706,24360.449,18303.643
2017,Florida ,4455.479,25531.469,18241.063
2018,Florida ,4443.308,26317.257,18455.945
2019,Florida ,4462.65,27381.07,18513.52
2020,Florida ,4540.55,28860.39,18322.27
1994,Georgia ,1964.0,9562.0,
1995,Georgia ,2104.0,10221.0,
1996,Georgia ,2241.0,10942.0,
1997,Georgia ,2356.0,11241.0,
1998,Georgia ,2453.0,11871.0,
1999,Georgia ,2524.0,12660.0,
2000,Georgia ,2699.0,13770.0,
2001,Georgia ,2836.0,14451.0,
2001,Georgia ,2836.0,14451.0,
2003,Georgia ,3192.0,16090.0,
2004,Georgia ,3377.0,16938.0,
2005,Georgia ,3632.0,18120.0,
2006,Georgia ,3773.05,18888.644,
2007,Georgia ,3988.303,20074.161,
2008,Georgia ,4261.072,21211.453,
2009,Georgia ,4839.198,20717.435,18157.82
2010,Georgia ,5434.698,20783.176,18883.311
2011,Georgia ,6015.462,21466.743,20008.005
2012,Georgia ,6325.257,22455.529,22392.679
2013,Georgia ,6613.988,23521.44,23730.484
2014,Georgia ,6752.647,24492.899,21739.309
2015,Georgia ,7011.363,25754.46,23167.454
2016,Georgia ,7009.689,27220.364,21376.965
2017,Georgia ,7206.42,27813.467,21957.241
2018,Georgia ,7319.413,28839.339,22751.449
2019,Georgia ,7457.36,29752.19,23167.2
2020,Georgia ,7525.44,30379.8,23430.03
1994,Hawaii ,1504.0,5971.0,
1995,Hawaii ,1578.0,6230.0,
1996,Hawaii ,2294.0,6541.0,
1997,Hawaii ,2788.0,6800.0,
1998,Hawaii ,2873.0,7107.0,
1999,Hawaii ,2962.0,7568.0,
2000,Hawaii ,2968.0,8000.0,
2001,Hawaii ,3051.0,8985.0,
2001,Hawaii ,3051.0,8985.0,
2003,Hawaii ,3235.0,9196.0,
2004,Hawaii ,3353.0,9756.0,
2005,Hawaii ,3226.0,10334.0,
2006,Hawaii ,3922.927,10756.441,
2007,Hawaii ,4630.021,11343.597,
2008,Hawaii ,5326.177,12232.308,
2009,Hawaii ,5943.421,12404.94,17754.587
2010,Hawaii ,6635.312,12806.551,19367.92
2011,Hawaii ,7422.063,13482.153,21359.158
2012,Hawaii ,7731.203,14286.763,23614.248
2013,Hawaii ,8215.738,15073.279,25020.506
2014,Hawaii ,8830.635,15232.575,26150.241
2015,Hawaii ,9263.146,15561.232,27910.831
2016,Hawaii ,9712.465,15949.444,30928.795
2017,Hawaii ,9709.102,16447.085,31019.495
2018,Hawaii ,9951.579,17098.305,31580.811
2019,Hawaii ,10109.01,17977.25,31773.89
2020,Hawaii ,10197.23,19095.63,32043.03
1994,Idaho ,1581.0,11130.0,
1995,Idaho ,1678.0,11806.0,
1996,Idaho ,1979.0,12210.0,
1997,Idaho ,2202.0,11693.0,
1998,Idaho ,2381.0,12127.0,
1999,Idaho ,2453.0,12893.0,
2000,Idaho ,2628.0,13664.0,
2001,Idaho ,2859.0,5278.0,
2001,Idaho ,2859.0,5278.0,
2003,Idaho ,3321.0,5155.0,
2004,Idaho ,3588.0,5505.0,
2005,Idaho ,3919.0,5490.0,
2006,Idaho ,4154.128,5655.564,
2007,Idaho ,4380.429,6014.84,
2008,Idaho ,4610.339,6490.822,
2009,Idaho ,4883.416,6650.338,14375.503
2010,Idaho ,5324.989,6866.256,15653.047
2011,Idaho ,5674.29,7253.715,16904.17
2012,Idaho ,5980.13,6751.805,17736.238
2013,Idaho ,6315.415,6736.404,18874.625
2014,Idaho ,6833.68,6456.295,19632.605
2015,Idaho ,6915.176,6005.648,20624.025
2016,Idaho ,7005.235,5925.004,21370.325
2017,Idaho ,7247.168,5833.099,22601.024
2018,Idaho ,7585.901,6138.519,23849.668
2019,Idaho ,7517.74,6429.26,24844.89
2020,Idaho ,7482.24,6451.8,24700.1
1994,Illinois ,3195.0,11078.0,
1995,Illinois ,3355.0,11649.0,
1996,Illinois ,3522.0,12376.0,
1997,Illinois ,3702.0,13233.0,
1998,Illinois ,3843.0,13914.0,
1999,Illinois ,4040.0,14729.0,
2000,Illinois ,4178.0,15317.0,
2001,Illinois ,4572.0,16105.0,
2001,Illinois ,4572.0,16105.0,
2003,Illinois ,5642.0,18049.0,
2004,Illinois ,6491.0,18930.0,
2005,Illinois ,7158.0,19406.0,
2006,Illinois ,8043.831,20397.615,
2007,Illinois ,8967.685,21504.211,
2008,Illinois ,9860.42,22443.389,
2009,Illinois ,10443.11,23165.827,24179.418
2010,Illinois ,10562.212,24069.876,25148.459
2011,Illinois ,11252.246,24637.64,25820.489
2012,Illinois ,11882.054,26298.753,26872.904
2013,Illinois ,12519.94,27503.7,27623.34
2014,Illinois ,13084.294,28480.986,27672.003
2015,Illinois ,13386.795,29638.794,27908.814
2016,Illinois ,13636.006,31298.189,28166.727
2017,Illinois ,13970.568,32491.354,28617.761
2018,Illinois ,14259.351,33453.886,28522.368
2019,Illinois ,14455.21,35570.29,29514.76
2020,Illinois ,14578.89,35893.86,28660.47
1994,Indiana,2862.0,11842.0,
1995,Indiana,3038.0,12621.0,
1996,Indiana,3198.0,13234.0,
1997,Indiana,3342.0,13965.0,
1998,Indiana,3493.0,14479.0,
1999,Indiana,3647.0,15643.0,
2000,Indiana,3786.0,16078.0,
2001,Indiana,3999.0,16854.0,
2001,Indiana,3999.0,16854.0,
2003,Indiana ,5370.0,18871.0,
2004,Indiana ,5654.0,19911.0,
2005,Indiana ,5892.0,20851.0,
2006,Indiana ,6286.994,21783.938,
2007,Indiana ,6589.969,22100.851,
2008,Indiana ,6919.526,23152.342,
2009,Indiana ,7305.709,23467.506,22397.296
2010,Indiana ,7614.129,24032.022,23365.444
2011,Indiana ,7940.288,24982.537,24553.64
2012,Indiana ,8269.209,26793.866,26538.3
2013,Indiana ,8443.24,28034.693,27000.69
2014,Indiana ,8633.328,29049.523,28034.51
2015,Indiana ,8744.847,30532.989,28312.933
2016,Indiana ,8876.382,30925.909,28314.757
2017,Indiana ,9038.218,32338.452,28804.778
2018,Indiana ,9225.255,33402.175,29092.448
2019,Indiana ,9267.84,34262.94,29532.75
2020,Indiana ,9656.36,35446.9,28971.6
1994,Iowa ,2462.0,11349.0,
1995,Iowa ,2564.0,11894.0,
1996,Iowa ,2655.0,12403.0,
1997,Iowa ,2761.0,12980.0,
1998,Iowa ,2869.0,13347.0,
1999,Iowa ,2998.0,14055.0,
2000,Iowa ,3157.0,14630.0,
2001,Iowa ,3470.0,15332.0,
2001,Iowa ,3470.0,15332.0,
2003,Iowa ,4991.0,16394.0,
2004,Iowa ,5406.0,17218.0,
2005,Iowa ,5619.0,17513.0,
2006,Iowa ,6019.94,17865.275,
2007,Iowa ,6218.526,17679.92,
2008,Iowa ,6434.047,17186.405,
2009,Iowa ,6712.361,16392.449,20053.668
2010,Iowa ,7156.749,16040.968,21265.202
2011,Iowa ,7563.031,16243.991,22388.708
2012,Iowa ,7832.452,15425.939,23019.186
2013,Iowa ,7839.454,17491.624,23567.802
2014,Iowa ,7857.512,24075.656,23777.752
2015,Iowa ,7879.229,25308.07,24136.213
2016,Iowa ,8361.35,26741.888,24911.738
2017,Iowa ,8766.345,27990.818,26213.548
2018,Iowa ,9965.508,33821.062,24521.064
2019,Iowa ,9373.0,35018.75,27346.41
2020,Iowa ,9372.93,35223.89,27684.22
1994,Kansas ,2019.0,8063.0,
1995,Kansas ,2116.0,8605.0,
1996,Kansas ,2219.0,9129.0,
1997,Kansas ,2314.0,9677.0,
1998,Kansas ,2393.0,10132.0,
1999,Kansas ,2435.0,10632.0,
2000,Kansas ,2642.0,11206.0,
2001,Kansas ,2701.0,11911.0,
2001,Kansas ,2701.0,11911.0,
2003,Kansas ,3674.0,13438.0,
2004,Kansas ,4174.0,14238.0,
2005,Kansas ,4560.0,15044.0,
2006,Kansas ,4959.206,15763.135,
2007,Kansas ,5401.66,16588.818,
2008,Kansas ,5732.578,17563.03,
2009,Kansas ,6052.049,18413.772,15744.564
2010,Kansas ,6471.079,19128.397,16334.446
2011,Kansas ,6688.705,20061.628,17110.762
2012,Kansas ,6969.612,20851.73,17646.416
2013,Kansas ,7387.43,20122.233,18642.075
2014,Kansas ,7725.999,16635.286,20155.075
2015,Kansas ,8010.664,17826.579,20900.726
2016,Kansas ,8488.796,20290.957,21999.961
2017,Kansas ,8736.582,21316.023,22614.535
2018,Kansas ,8940.706,22571.284,23302.273
2019,Kansas ,9087.67,24179.14,23745.44
2020,Kansas ,9081.17,25523.1,23944.63
1994,Kentucky ,2057.0,7046.0,
1995,Kentucky ,2162.0,7564.0,
1996,Kentucky ,2241.0,8138.0,
1997,Kentucky ,2327.0,8600.0,
1998,Kentucky ,2516.0,9086.0,
1999,Kentucky ,2723.0,9614.0,
2000,Kentucky ,2898.0,10176.0,
2001,Kentucky ,3184.0,11037.0,
2001,Kentucky ,3184.0,11037.0,
2003,Kentucky ,3859.0,12684.0,
2004,Kentucky ,4505.0,13524.0,
2005,Kentucky ,5136.0,13764.0,
2006,Kentucky ,5824.439,14735.312,
2007,Kentucky ,6330.4,15817.428,
2008,Kentucky ,6843.202,16876.497,
2009,Kentucky ,7164.715,16983.684,16120.718
2010,Kentucky ,7560.808,17866.586,16852.613
2011,Kentucky ,7942.803,18542.528,17837.567
2012,Kentucky ,8416.323,20639.019,19040.052
2013,Kentucky ,8714.864,21270.806,19979.055
2014,Kentucky ,9189.095,23038.609,21409.495
2015,Kentucky ,9490.322,24257.641,22321.444
2016,Kentucky ,10014.159,25844.529,23538.923
2017,Kentucky ,10365.092,26719.394,24632.451
2018,Kentucky ,10673.538,27648.028,25430.463
2019,Kentucky ,10887.9,26927.63,26048.39
2020,Kentucky ,10975.52,26995.8,25048.75
1994,Louisiana ,2212.0,11768.0,
1995,Louisiana ,2221.0,12081.0,
1996,Louisiana ,2233.0,12885.0,
1997,Louisiana ,2278.0,13412.0,
1998,Louisiana ,2390.0,14003.0,
1999,Louisiana ,2445.0,14516.0,
2000,Louisiana ,2783.0,15591.0,
2001,Louisiana ,2877.0,16737.0,
2001,Louisiana ,2877.0,16737.0,
2003,Louisiana ,3185.0,18262.0,
2004,Louisiana ,3524.0,19071.0,
2005,Louisiana ,3679.0,11264.0,
2006,Louisiana ,3760.84,21099.982,
2007,Louisiana ,3825.937,22156.844,
2008,Louisiana ,4079.438,23735.53,
2009,Louisiana ,4281.603,24042.55,11838.502
2010,Louisiana ,4701.654,25531.452,14046.719
2011,Louisiana ,5198.282,26570.027,16031.488
2012,Louisiana ,5816.74,28691.024,17404.504
2013,Louisiana ,6584.518,30257.05,19985.444
2014,Louisiana ,7295.92,31175.482,21409.171
2015,Louisiana ,8161.994,32733.423,23099.385
2016,Louisiana ,8813.44,35189.502,22770.656
2017,Louisiana ,9164.635,36715.343,21631.871
2018,Louisiana ,9358.319,37829.986,22207.954
2019,Louisiana ,9570.56,39481.59,22128.07
2020,Louisiana ,9641.93,41393.32,23332.93
1994,Maine ,3303.0,15058.0,
1995,Maine ,3424.0,16338.0,
1996,Maine ,3648.0,16956.0,
1997,Maine ,3878.0,18426.0,
1998,Maine ,4065.0,19677.0,
1999,Maine ,4120.0,20798.0,
2000,Maine ,4267.0,16450.0,
2001,Maine ,4821.0,17621.0,
2001,Maine ,4821.0,17621.0,
2003,Maine ,5001.0,19627.0,
2004,Maine ,5574.0,20417.0,
2005,Maine ,6027.0,21508.0,
2006,Maine ,6564.097,22609.035,
2007,Maine ,7275.066,23650.584,
2008,Maine ,8044.916,24853.705,
2009,Maine ,8504.244,25089.853,21585.989
2010,Maine ,8876.107,26092.001,22057.912
2011,Maine ,9277.511,30526.615,22981.287
2012,Maine ,9295.203,31557.597,24397.336
2013,Maine ,9367.928,32533.973,24791.195
2014,Maine ,9165.849,33205.484,25273.166
2015,Maine ,9186.217,34276.99,25598.293
2016,Maine ,9219.065,35546.83,26003.709
2017,Maine ,9664.274,37043.316,26939.48
2018,Maine ,9929.622,38971.647,27734.624
2019,Maine ,10102.71,40352.72,28522.69
2020,Maine ,10377.25,40007.36,29061.11
1994,Maryland ,3321.0,13805.0,
1995,Maryland ,3575.0,14561.0,
1996,Maryland ,3849.0,15332.0,
1997,Maryland ,4137.0,16146.0,
1998,Maryland ,4358.0,16982.0,
1999,Maryland ,4552.0,17781.0,
2000,Maryland ,4772.0,18621.0,
2001,Maryland ,4966.0,19606.0,
2001,Maryland ,4966.0,19606.0,
2003,Maryland ,6224.0,21006.0,
2004,Maryland ,6614.0,22642.0,
2005,Maryland ,7045.0,23934.0,
2006,Maryland ,7068.497,25683.221,
2007,Maryland ,7154.716,26883.092,
2008,Maryland ,7251.554,28560.259,
2009,Maryland ,7320.837,29361.405,18856.627
2010,Maryland ,7578.918,29515.717,19590.875
2011,Maryland ,7830.801,30718.692,20106.339
2012,Maryland ,8051.038,32580.398,20199.38
2013,Maryland ,8320.04,34316.112,20771.616
2014,Maryland ,8482.408,36401.557,21031.38
2015,Maryland ,8941.787,38352.236,21767.588
2016,Maryland ,9082.945,40209.201,22436.91
2017,Maryland ,9289.407,41858.895,24352.94
2018,Maryland ,9520.785,43140.739,26882.823
2019,Maryland ,9714.0,44047.72,27983.65
2020,Maryland ,9401.45,44356.17,26376.01
1994,Massachusetts ,4148.0,15689.0,
1995,Massachusetts ,4262.0,16430.0,
1996,Massachusetts ,4272.0,17188.0,
1997,Massachusetts ,3968.0,18119.0,
1998,Massachusetts ,4023.0,19123.0,
1999,Massachusetts ,4133.0,20088.0,
2000,Massachusetts ,4003.0,20566.0,
2001,Massachusetts ,3991.0,21492.0,
2001,Massachusetts ,3991.0,21492.0,
2003,Massachusetts ,6069.0,24524.0,
2004,Massachusetts ,7000.0,25863.0,
2005,Massachusetts ,7290.0,27335.0,
2006,Massachusetts ,7634.727,28889.746,
2007,Massachusetts ,7928.3,30407.91,
2008,Massachusetts ,8206.955,32050.846,
2009,Massachusetts ,9221.191,33160.103,20584.375
2010,Massachusetts ,9443.725,34315.4,21777.579
2011,Massachusetts ,10104.146,35749.023,23109.16
2012,Massachusetts ,10632.023,36795.298,24399.261
2013,Massachusetts ,10702.413,38009.296,25461.238
2014,Massachusetts ,10899.75,39298.402,26213.127
2015,Massachusetts ,11670.313,40760.761,27735.836
2016,Massachusetts ,12330.958,42654.948,28739.952
2017,Massachusetts ,12778.473,44384.256,29774.061
2018,Massachusetts ,13286.168,46015.671,30965.983
2019,Massachusetts ,13728.86,47979.67,31894.0
2020,Massachusetts ,13939.08,49152.34,32019.41
1994,Michigan ,3733.0,8771.0,
1995,Michigan ,3895.0,9259.0,
1996,Michigan ,3988.0,9580.0,
1997,Michigan ,4134.0,9896.0,
1998,Michigan ,4267.0,10256.0,
1999,Michigan ,4530.0,10477.0,
2000,Michigan ,4615.0,11155.0,
2001,Michigan ,5042.0,11600.0,
2001,Michigan ,5042.0,11600.0,
2003,Michigan ,5994.0,12434.0,
2004,Michigan ,6189.0,12728.0,
2005,Michigan ,6938.0,13303.0,
2006,Michigan ,7505.448,13911.863,
2007,Michigan ,8478.93,14828.327,
2008,Michigan ,9075.434,15527.693,
2009,Michigan ,9638.448,15523.731,26696.489
2010,Michigan ,9839.141,16183.978,28558.473
2011,Michigan ,10527.473,16776.812,30105.214
2012,Michigan ,11026.975,18135.213,31047.342
2013,Michigan ,11294.503,19372.357,32042.226
2014,Michigan ,11507.083,20718.404,33665.718
2015,Michigan ,11707.871,22018.027,34863.178
2016,Michigan ,11889.638,24058.287,36713.682
2017,Michigan ,12434.584,26964.257,37599.841
2018,Michigan ,12888.382,27935.534,35843.758
2019,Michigan ,13314.9,29404.75,36832.05
2020,Michigan ,13715.68,31054.9,39427.44
1994,Minnesota ,2931.0,12233.0,
1995,Minnesota ,3229.0,12864.0,
1996,Minnesota ,3546.0,13623.0,
1997,Minnesota ,3777.0,14249.0,
1998,Minnesota ,3835.0,14909.0,
1999,Minnesota ,3817.0,15562.0,
2000,Minnesota ,4009.0,16243.0,
2001,Minnesota ,4483.0,16918.0,
2001,Minnesota ,4483.0,16918.0,
2003,Minnesota ,5728.0,18559.0,
2004,Minnesota ,6485.0,19360.0,
2005,Minnesota ,6912.0,20519.0,
2006,Minnesota ,7447.222,21497.097,
2007,Minnesota ,7695.598,22595.254,
2008,Minnesota ,8284.422,23572.4,
2009,Minnesota ,8728.17,23813.706,12804.882
2010,Minnesota ,9284.738,23838.023,13944.873
2011,Minnesota ,9861.861,24794.024,14907.378
2012,Minnesota ,10290.547,26499.028,16312.513
2013,Minnesota ,10355.148,27104.456,16915.444
2014,Minnesota ,10399.588,28122.545,17375.97
2015,Minnesota ,10701.482,29377.417,18295.487
2016,Minnesota ,10883.163,30924.666,19087.569
2017,Minnesota ,11225.877,32415.888,20736.247
2018,Minnesota ,11380.73,33211.562,22780.284
2019,Minnesota ,11748.36,34321.4,24441.75
2020,Minnesota ,11836.25,34608.41,24620.29
1994,Mississippi ,2446.0,6384.0,
1995,Mississippi ,2459.0,6835.0,
1996,Mississippi ,2499.0,7210.0,
1997,Mississippi ,2571.0,7784.0,
1998,Mississippi ,2860.0,8346.0,
1999,Mississippi ,2879.0,8808.0,
2000,Mississippi ,2969.0,9659.0,
2001,Mississippi ,3417.0,10106.0,
2001,Mississippi ,3417.0,10106.0,
2003,Mississippi ,3750.0,10993.0,
2004,Mississippi ,3984.0,11435.0,
2005,Mississippi ,4177.0,11839.0,
2006,Mississippi ,4456.358,12193.143,
2007,Mississippi ,4764.148,12659.183,
2008,Mississippi ,4953.203,13211.454,
2009,Mississippi ,5045.79,13562.738,12667.748
2010,Mississippi ,5300.562,14098.301,13499.88
2011,Mississippi ,5674.186,14630.36,13841.112
2012,Mississippi ,6146.584,14591.933,15055.132
2013,Mississippi ,6611.806,15041.689,15980.349
2014,Mississippi ,6879.862,15642.839,17261.974
2015,Mississippi ,7175.002,16438.04,18516.243
2016,Mississippi ,7471.509,16948.964,19137.87
2017,Mississippi ,7979.736,17624.781,19690.827
2018,Mississippi ,8340.032,17952.68,19941.849
2019,Mississippi ,8604.43,18611.53,19401.85
2020,Mississippi ,8642.19,19222.49,20159.79
1994,Missouri,2797.0,9577.0,
1995,Missouri,3024.0,9611.0,
1996,Missouri,3245.0,9990.0,
1997,Missouri,3389.0,10779.0,
1998,Missouri,3555.0,11156.0,
1999,Missouri,3700.0,11897.0,
2000,Missouri,3879.0,12600.0,
2001,Missouri,4112.0,13201.0,
2001,Missouri,4112.0,13201.0,
2003,Missouri ,5396.0,14322.0,
2004,Missouri ,5843.0,14871.0,
2005,Missouri ,5831.0,15718.0,
2006,Missouri ,6317.013,16471.972,
2007,Missouri ,6641.338,17528.751,
2008,Missouri ,6924.978,18480.554,
2009,Missouri ,7046.815,18765.964,14813.253
2010,Missouri ,7119.568,18286.077,16102.901
2011,Missouri ,7588.123,18195.955,17083.703
2012,Missouri ,7814.647,19020.157,18885.093
2013,Missouri ,7998.183,19522.866,19319.452
2014,Missouri ,8064.528,21464.704,19410.127
2015,Missouri ,8177.756,22416.262,19859.611
2016,Missouri ,8176.4,23701.69,18940.341
2017,Missouri ,8386.832,24614.729,19519.115
2018,Missouri ,8554.212,25416.598,19914.021
2019,Missouri ,8992.1,26377.25,20877.16
2020,Missouri ,9309.92,27723.01,21879.52
1994,Montana ,2109.0,6999.0,
1995,Montana ,2369.0,7540.0,
1996,Montana ,2490.0,7858.0,
1997,Montana ,2607.0,8346.0,
1998,Montana ,2796.0,8665.0,
1999,Montana ,3010.0,8790.0,
2000,Montana ,3079.0,9631.0,
2001,Montana ,3468.0,10107.0,
2001,Montana ,3468.0,10107.0,
2003,Montana ,4155.0,11458.0,
2004,Montana ,4510.0,12009.0,
2005,Montana ,4952.0,12937.0,
2006,Montana ,5382.43,13776.81,
2007,Montana ,5417.983,14981.917,
2008,Montana ,5461.237,16082.219,
2009,Montana ,5611.67,16471.301,17578.454
2010,Montana ,5753.118,17355.515,18457.755
2011,Montana ,6006.688,18278.289,19347.059
2012,Montana ,6266.764,19736.517,20164.438
2013,Montana ,6322.767,20868.309,20797.33
2014,Montana ,6378.266,21629.589,21480.699
2015,Montana ,6442.794,22960.66,22144.804
2016,Montana ,6502.937,23657.273,22956.126
2017,Montana ,6782.557,24953.328,23678.43
2018,Montana ,6971.893,25917.612,24480.641
2019,Montana ,6967.33,31723.63,25239.13
2020,Montana ,6993.28,32064.26,26367.79
1994,Nebraska ,2058.0,8861.0,
1995,Nebraska ,2189.0,9409.0,
1996,Nebraska ,2269.0,9797.0,
1997,Nebraska ,2413.0,10234.0,
1998,Nebraska ,2627.0,10709.0,
1999,Nebraska ,2932.0,11305.0,
2000,Nebraska ,3101.0,11619.0,
2001,Nebraska ,3224.0,14060.0,
2001,Nebraska ,3224.0,14060.0,
2003,Nebraska ,4238.0,13750.0,
2004,Nebraska ,4671.0,14182.0,
2005,Nebraska ,4880.0,15234.0,
2006,Nebraska ,5183.948,15672.876,
2007,Nebraska ,5446.167,16188.594,
2008,Nebraska ,5882.831,17156.35,
2009,Nebraska ,6228.593,17778.39,14969.272
2010,Nebraska ,6602.179,17633.051,15524.533
2011,Nebraska ,6751.856,18380.25,16044.476
2012,Nebraska ,7022.577,19478.453,16702.028
2013,Nebraska ,7080.769,19832.277,16734.147
2014,Nebraska ,7222.619,20500.936,18179.922
2015,Nebraska ,7446.186,21640.953,18650.712
2016,Nebraska ,7732.093,23109.069,19482.904
2017,Nebraska ,8188.293,23659.302,20554.771
2018,Nebraska ,8466.951,25075.283,21516.145
2019,Nebraska ,8581.72,25312.55,22152.04
2020,Nebraska ,8760.66,24985.17,22277.24
1994,Nevada ,1601.0,7532.0,
1995,Nevada ,1686.0,7388.0,
1996,Nevada ,1815.0,7731.0,
1997,Nevada ,1887.0,6935.0,
1998,Nevada ,1959.0,7379.0,
1999,Nevada ,2027.0,7155.0,
2000,Nevada ,2344.0,11465.0,
2001,Nevada ,2450.0,13273.0,
2001,Nevada ,2450.0,13273.0,
2003,Nevada ,2720.0,11428.0,
2004,Nevada ,2511.0,11789.0,
2005,Nevada ,2671.0,12622.0,
2006,Nevada ,2826.787,13706.004,
2007,Nevada ,3033.523,15024.634,
2008,Nevada ,3315.742,16298.638,
2009,Nevada ,3559.241,15651.082,15219.375
2010,Nevada ,4004.5,15217.102,16767.421
2011,Nevada ,4508.761,15763.701,17252.146
2012,Nevada ,4952.823,16107.523,19155.681
2013,Nevada ,5029.194,16168.775,19616.279
2014,Nevada ,5015.908,17324.514,20064.269
2015,Nevada ,5298.383,18826.797,20355.314
2016,Nevada ,5520.288,21423.136,20671.516
2017,Nevada ,5920.499,23261.145,21175.847
2018,Nevada ,5844.698,24423.187,21125.126
2019,Nevada ,6022.78,26284.25,21678.27
2020,Nevada ,6434.2,26053.57,23009.56
1994,New Hampshire ,4039.0,12148.0,
1995,New Hampshire ,4445.0,14965.0,
1996,New Hampshire ,4641.0,15839.0,
1997,New Hampshire ,5197.0,15750.0,
1998,New Hampshire ,5750.0,15695.0,
1999,New Hampshire ,6078.0,16643.0,
2000,New Hampshire ,6458.0,18261.0,
2001,New Hampshire ,6725.0,18707.0,
2001,New Hampshire ,6725.0,18707.0,
2003,New Hampshire ,7615.0,20499.0,
2004,New Hampshire ,7981.0,21409.0,
2005,New Hampshire ,8458.0,22534.0,
2006,New Hampshire ,9023.198,23946.049,
2007,New Hampshire ,9600.645,25482.613,
2008,New Hampshire ,10183.412,26681.414,
2009,New Hampshire ,10957.637,27343.879,22026.163
2010,New Hampshire ,11806.86,27957.957,23112.712
2011,New Hampshire ,13347.079,29069.865,24040.644
2012,New Hampshire ,14434.617,30202.206,24945.438
2013,New Hampshire ,14469.498,31029.217,25357.041
2014,New Hampshire ,14538.274,31867.585,26131.271
2015,New Hampshire ,14985.813,31978.957,26794.851
2016,New Hampshire ,15491.46,33234.525,27200.529
2017,New Hampshire ,15948.794,33321.787,28129.793
2018,New Hampshire ,16328.963,33363.811,29446.646
2019,New Hampshire ,16679.12,33446.25,30594.06
2020,New Hampshire ,16749.47,14934.41,31255.77
1994,New Jersey ,3776.0,12928.0,
1995,New Jersey ,3972.0,13579.0,
1996,New Jersey ,4269.0,14371.0,
1997,New Jersey ,4567.0,15081.0,
1998,New Jersey ,4955.0,15839.0,
1999,New Jersey ,5261.0,15938.0,
2000,New Jersey ,5609.0,16680.0,
2001,New Jersey ,6076.0,17333.0,
2001,New Jersey ,6076.0,17333.0,
2003,New Jersey ,7255.0,19710.0,
2004,New Jersey ,7981.0,20901.0,
2005,New Jersey ,8649.0,22114.0,
2006,New Jersey ,9332.956,23427.84,
2007,New Jersey ,9635.803,24803.85,
2008,New Jersey ,10366.375,26134.58,
2009,New Jersey ,10679.925,26932.615,21074.538
2010,New Jersey ,11197.373,28225.769,22304.461
2011,New Jersey ,11596.362,29566.937,23520.303
2012,New Jersey ,11954.777,31195.231,24447.347
2013,New Jersey ,12266.127,32010.46,25636.831
2014,New Jersey ,12541.329,32985.529,26556.34
2015,New Jersey ,13021.288,34039.816,27357.542
2016,New Jersey ,13296.686,35223.836,28051.217
2017,New Jersey ,13633.36,36589.069,28649.209
2018,New Jersey ,13962.93,37328.785,28669.048
2019,New Jersey ,14360.15,38652.01,29434.87
2020,New Jersey ,14184.21,38586.39,28682.24
1994,New Mexico ,1836.0,9104.0,
1995,New Mexico ,1940.0,9717.0,
1996,New Mexico ,2014.0,9944.0,
1997,New Mexico ,2073.0,8943.0,
1998,New Mexico ,2183.0,9778.0,
1999,New Mexico ,2340.0,9561.0,
2000,New Mexico ,2627.0,14062.0,
2001,New Mexico ,2846.0,14393.0,
2001,New Mexico ,2846.0,14393.0,
2003,New Mexico ,3164.0,12138.0,
2004,New Mexico ,3396.0,12542.0,
2005,New Mexico ,3701.0,13256.0,
2006,New Mexico ,3937.16,14324.166,
2007,New Mexico ,4146.67,16056.608,
2008,New Mexico ,4413.819,16249.408,
2009,New Mexico ,4654.831,13412.994,13879.875
2010,New Mexico ,5021.453,14995.798,14995.92
2011,New Mexico ,5292.83,14975.973,15416.941
2012,New Mexico ,5482.519,16255.726,14326.747
2013,New Mexico ,5973.454,17657.262,14646.885
2014,New Mexico ,6003.463,18779.138,15284.602
2015,New Mexico ,6262.043,20531.91,15842.139
2016,New Mexico ,6824.643,22535.096,17271.571
2017,New Mexico ,6717.642,23865.245,17532.76
2018,New Mexico ,6902.292,30137.043,18350.467
2019,New Mexico ,7151.87,25362.76,19180.76
2020,New Mexico ,7393.41,24892.02,21645.19
1994,New York ,2944.0,13069.0,
1995,New York ,3715.0,13909.0,
1996,New York ,3802.0,14544.0,
1997,New York ,3845.0,15258.0,
1998,New York ,3912.0,15806.0,
1999,New York ,3998.0,16564.0,
2000,New York ,4063.0,17433.0,
2001,New York ,4119.0,18275.0,
2001,New York ,4119.0,18275.0,
2003,New York ,4884.0,20522.0,
2004,New York ,4917.0,21640.0,
2005,New York ,4987.0,22900.0,
2006,New York ,5014.745,24410.359,
2007,New York ,5059.778,26044.049,
2008,New York ,5097.565,27538.978,
2009,New York ,5719.851,28645.892,13166.712
2010,New York ,5764.066,29741.533,13771.983
2011,New York ,6191.651,31178.053,14680.676
2012,New York ,6555.936,32437.556,15751.077
2013,New York ,6891.883,33825.479,17082.442
2014,New York ,7271.692,35095.284,18824.98
2015,New York ,7646.609,36360.576,20305.34
2016,New York ,7708.829,37580.361,21453.636
2017,New York ,7938.103,39006.547,21661.765
2018,New York ,8184.09,40526.811,22082.728
2019,New York ,8466.83,41403.59,22668.89
2020,New York ,8416.09,42630.92,20112.55
1994,North Carolina ,1502.0,10493.0,
1995,North Carolina ,1641.0,10916.0,
1996,North Carolina ,1841.0,11651.0,
1997,North Carolina ,1895.0,12307.0,
1998,North Carolina ,1959.0,12833.0,
1999,North Carolina ,2052.0,13494.0,
2000,North Carolina ,2298.0,14274.0,
2001,North Carolina ,2640.0,15143.0,
2001,North Carolina ,2640.0,15143.0,
2003,North Carolina ,3239.0,16982.0,
2004,North Carolina ,3551.0,18145.0,
2005,North Carolina ,3631.0,19166.0,
2006,North Carolina ,4040.139,20220.247,
2007,North Carolina ,4300.097,21491.508,
2008,North Carolina ,4376.261,22837.881,
2009,North Carolina ,4558.678,23787.888,16410.669
2010,North Carolina ,5269.879,24313.133,17950.087
2011,North Carolina ,5701.312,25265.968,18958.749
2012,North Carolina ,6222.81,26336.339,19732.871
2013,North Carolina ,6578.131,27284.366,20409.802
2014,North Carolina ,6658.022,28177.167,22676.473
2015,North Carolina ,6943.627,29306.539,23309.048
2016,North Carolina ,7218.492,30701.204,23777.653
2017,North Carolina ,7354.183,32140.198,24274.275
2018,North Carolina ,7173.676,33990.167,22968.005
2019,North Carolina ,7227.61,35378.6,23356.82
2020,North Carolina ,7259.63,36771.61,23135.55
1994,North Dakota ,2248.0,6663.0,
1995,North Dakota ,2247.0,7020.0,
1996,North Dakota ,2381.0,7434.0,
1997,North Dakota ,2543.0,7695.0,
1998,North Dakota ,2689.0,7380.0,
1999,North Dakota ,2993.0,7681.0,
2000,North Dakota ,2942.0,8026.0,
2001,North Dakota ,3128.0,8379.0,
2001,North Dakota ,3128.0,8379.0,
2003,North Dakota ,3837.0,9501.0,
2004,North Dakota ,4554.0,8735.0,
2005,North Dakota ,5038.0,9376.0,
2006,North Dakota ,5472.548,9764.446,
2007,North Dakota ,5756.561,10107.971,
2008,North Dakota ,5779.579,10799.422,
2009,North Dakota ,5968.468,11226.975,14836.686
2010,North Dakota ,6162.165,11868.626,15202.009
2011,North Dakota ,6413.9,11267.746,16007.343
2012,North Dakota ,6571.531,12318.042,16170.411
2013,North Dakota ,6823.878,12408.008,16752.939
2014,North Dakota ,7050.451,13254.845,17315.587
2015,North Dakota ,7207.787,13882.733,17726.934
2016,North Dakota ,7376.285,14289.563,18288.05
2017,North Dakota ,7687.283,15256.062,19020.702
2018,North Dakota ,8090.853,15205.998,15565.487
2019,North Dakota ,8627.61,15731.96,13935.99
2020,North Dakota ,9065.22,16407.8,13501.1
1994,Ohio ,3403.0,11735.0,
1995,Ohio ,3606.0,12425.0,
1996,Ohio ,3841.0,12980.0,
1997,Ohio ,4014.0,13569.0,
1998,Ohio ,4254.0,14101.0,
1999,Ohio ,4502.0,14826.0,
2000,Ohio ,4742.0,15419.0,
2001,Ohio ,5138.0,16161.0,
2001,Ohio ,5138.0,16161.0,
2003,Ohio ,6589.0,17901.0,
2004,Ohio ,8032.0,18748.0,
2005,Ohio ,8457.0,19901.0,
2006,Ohio ,8994.561,21038.318,
2007,Ohio ,8083.438,22360.126,
2008,Ohio ,8042.828,23514.419,
2009,Ohio ,8058.204,24115.307,20187.471
2010,Ohio ,8501.426,24558.034,20139.026
2011,Ohio ,8800.407,25504.46,20722.686
2012,Ohio ,9300.531,25755.783,21683.495
2013,Ohio ,9442.979,26916.748,21939.319
2014,Ohio ,9631.11,27760.805,22756.09
2015,Ohio ,9757.301,28952.955,23179.155
2016,Ohio ,9827.303,30295.748,23433.915
2017,Ohio ,10025.679,31241.865,24098.104
2018,Ohio ,10068.136,32597.253,24454.311
2019,Ohio ,9902.09,34008.5,24829.81
2020,Ohio ,10049.14,35351.54,26212.6
1994,Oklahoma ,1672.0,7781.0,
1995,Oklahoma ,1848.0,7700.0,
1996,Oklahoma ,1937.0,7622.0,
1997,Oklahoma ,2059.0,8778.0,
1998,Oklahoma ,2072.0,9375.0,
1999,Oklahoma ,2187.0,9832.0,
2000,Oklahoma ,2259.0,10587.0,
2001,Oklahoma ,2373.0,11218.0,
2001,Oklahoma ,2373.0,11218.0,
2003,Oklahoma ,3201.0,11848.0,
2004,Oklahoma ,3504.0,13400.0,
2005,Oklahoma ,3806.0,14033.0,
2006,Oklahoma ,4173.592,15227.561,
2007,Oklahoma ,4469.551,16220.886,
2008,Oklahoma ,5011.396,17399.095,
2009,Oklahoma ,4955.26,18104.508,13538.104
2010,Oklahoma ,5244.416,18921.142,14815.586
2011,Oklahoma ,5537.938,19779.699,15352.163
2012,Oklahoma ,5882.41,20572.013,16542.704
2013,Oklahoma ,6043.404,21410.535,17009.333
2014,Oklahoma ,6344.982,22309.225,17633.305
2015,Oklahoma ,6679.842,23657.845,18458.203
2016,Oklahoma ,7218.774,24775.853,19174.447
2017,Oklahoma ,7622.557,26240.35,20200.127
2018,Oklahoma ,7866.441,27693.667,21526.312
2019,Oklahoma ,8009.14,29428.99,21695.36
2020,Oklahoma ,8063.69,29904.67,21736.59
1994,Oregon ,3064.0,12971.0,
1995,Oregon ,3246.0,13856.0,
1996,Oregon ,3408.0,14769.0,
1997,Oregon ,3493.0,15542.0,
1998,Oregon ,3560.0,15693.0,
1999,Oregon ,3577.0,16324.0,
2000,Oregon ,3646.0,17533.0,
2001,Oregon ,3864.0,18312.0,
2001,Oregon ,3864.0,18312.0,
2003,Oregon ,4667.0,19531.0,
2004,Oregon ,5163.0,20370.0,
2005,Oregon ,5348.0,20844.0,
2006,Oregon ,5583.614,22377.698,
2007,Oregon ,5925.512,23905.809,
2008,Oregon ,6273.674,25397.092,
2009,Oregon ,6940.954,26259.521,21656.302
2010,Oregon ,7413.455,27350.076,22729.295
2011,Oregon ,7974.781,28868.842,23982.988
2012,Oregon ,8293.679,30194.91,25066.781
2013,Oregon ,8616.008,31599.361,26144.029
2014,Oregon ,8891.159,33108.137,27340.716
2015,Oregon ,9406.239,35034.35,28676.082
2016,Oregon ,9738.905,37088.213,29329.911
2017,Oregon ,10362.925,38674.258,30486.548
2018,Oregon ,10285.734,40596.846,30929.125
2019,Oregon ,10813.47,42201.69,32067.85
2020,Oregon ,11537.42,45166.45,33935.19
1994,Pennsylvania ,4517.0,13418.0,
1995,Pennsylvania ,4731.0,14131.0,
1996,Pennsylvania ,4994.0,14927.0,
1997,Pennsylvania ,5194.0,15545.0,
1998,Pennsylvania ,5336.0,16350.0,
1999,Pennsylvania ,5613.0,17006.0,
2000,Pennsylvania ,5917.0,17821.0,
2001,Pennsylvania ,6316.0,18917.0,
2001,Pennsylvania ,6316.0,18917.0,
2003,Pennsylvania ,7615.0,21098.0,
2004,Pennsylvania ,8330.0,22211.0,
2005,Pennsylvania ,8710.0,23450.0,
2006,Pennsylvania ,9124.007,25068.04,
2007,Pennsylvania ,9608.229,26558.86,
2008,Pennsylvania ,10147.584,28223.699,
2009,Pennsylvania ,10550.365,29316.821,20273.008
2010,Pennsylvania ,11084.651,29928.624,21297.892
2011,Pennsylvania ,11818.328,31149.396,22342.42
2012,Pennsylvania ,12184.086,32948.663,22890.881
2013,Pennsylvania ,12607.413,34313.276,23570.925
2014,Pennsylvania ,13170.781,35622.45,24741.11
2015,Pennsylvania ,13516.394,37236.887,25366.931
2016,Pennsylvania ,14067.739,39185.117,26327.727
2017,Pennsylvania ,14534.294,40068.373,27129.472
2018,Pennsylvania ,14811.643,41703.248,28526.638
2019,Pennsylvania ,15564.75,42811.65,30221.91
2020,Pennsylvania ,14532.26,43925.68,25696.57
1994,Rhode Island ,3706.0,14604.0,
1995,Rhode Island ,3861.0,15340.0,
1996,Rhode Island ,3903.0,15675.0,
1997,Rhode Island ,4029.0,16234.0,
1998,Rhode Island ,4166.0,16846.0,
1999,Rhode Island ,4328.0,17655.0,
2000,Rhode Island ,4506.0,18320.0,
2001,Rhode Island ,4689.0,19142.0,
2001,Rhode Island ,4689.0,19142.0,
2003,Rhode Island ,5391.0,21110.0,
2004,Rhode Island ,5873.0,22385.0,
2005,Rhode Island ,6316.0,24140.0,
2006,Rhode Island ,6719.137,25400.761,
2007,Rhode Island ,7146.557,26781.672,
2008,Rhode Island ,7663.468,28304.598,
2009,Rhode Island ,8435.101,29419.84,24642.222
2010,Rhode Island ,9249.669,31399.87,25593.98
2011,Rhode Island ,9926.027,32626.411,25928.243
2012,Rhode Island ,10816.631,33939.754,26762.158
2013,Rhode Island ,10808.824,35035.817,26762.674
2014,Rhode Island ,10867.66,36204.825,27110.169
2015,Rhode Island ,11320.77,37405.637,27966.746
2016,Rhode Island ,11385.883,38855.344,27815.116
2017,Rhode Island ,12238.8,40360.711,29012.976
2018,Rhode Island ,12576.382,42108.159,29997.52
2019,Rhode Island ,13105.13,43919.33,30871.2
2020,Rhode Island ,13696.95,45926.78,32110.71
1994,South Carolina ,3020.0,9073.0,
1995,South Carolina ,3096.0,9669.0,
1996,South Carolina ,3205.0,10207.0,
1997,South Carolina ,3414.0,10660.0,
1998,South Carolina ,3515.0,11206.0,
1999,South Carolina ,3637.0,11938.0,
2000,South Carolina ,4701.0,12713.0,
2001,South Carolina ,5448.0,13041.0,
2001,South Carolina ,5448.0,13041.0,
2003,South Carolina ,7442.0,14569.0,
2004,South Carolina ,6746.0,15298.0,
2005,South Carolina ,7337.0,16165.0,
2006,South Carolina ,7904.953,17195.433,
2007,South Carolina ,8374.715,18307.266,
2008,South Carolina ,8985.003,18501.823,
2009,South Carolina ,9438.865,18999.936,22062.093
2010,South Carolina ,10147.239,19560.006,23774.42
2011,South Carolina ,10371.978,19829.701,24873.491
2012,South Carolina ,10691.044,20989.967,26041.581
2013,South Carolina ,11065.96,21768.529,27040.365
2014,South Carolina ,11447.619,22241.091,27814.36
2015,South Carolina ,11790.943,23167.117,28701.874
2016,South Carolina ,12152.893,24523.095,29888.293
2017,South Carolina ,12579.044,24931.485,30918.906
2018,South Carolina ,13012.604,25621.123,32173.789
2019,South Carolina ,12496.72,26269.65,32852.95
2020,South Carolina ,12543.5,27317.49,33055.46
1994,South Dakota ,2509.0,8536.0,
1995,South Dakota ,2644.0,9184.0,
1996,South Dakota ,2722.0,9617.0,
1997,South Dakota ,2888.0,10252.0,
1998,South Dakota ,3038.0,10334.0,
1999,South Dakota ,3206.0,10685.0,
2000,South Dakota ,3484.0,11194.0,
2001,South Dakota ,3787.0,12023.0,
2001,South Dakota ,3787.0,12023.0,
2003,South Dakota ,4453.0,12440.0,
2004,South Dakota ,4728.0,12893.0,
2005,South Dakota ,4908.0,13686.0,
2006,South Dakota ,5061.908,14463.246,
2007,South Dakota ,5392.982,15241.797,
2008,South Dakota ,5748.239,15730.273,
2009,South Dakota ,6127.981,16024.01,7819.561
2010,South Dakota ,6414.298,15129.369,8464.058
2011,South Dakota ,6939.291,15728.089,8892.47
2012,South Dakota ,7413.054,18842.88,9654.087
2013,South Dakota ,7735.216,20113.677,10200.824
2014,South Dakota ,7743.835,21017.543,10923.262
2015,South Dakota ,8273.377,22163.99,11591.66
2016,South Dakota ,8301.319,23147.121,11845.225
2017,South Dakota ,8539.815,24218.77,12060.074
2018,South Dakota ,8771.529,23252.1,12465.352
2019,South Dakota ,8978.41,25352.89,12866.4
2020,South Dakota ,9011.72,26740.48,12923.66
1994,Tennessee ,1897.0,9257.0,
1995,Tennessee ,1989.0,9745.0,
1996,Tennessee ,2052.0,10450.0,
1997,Tennessee ,2296.0,11090.0,
1998,Tennessee ,2497.0,11526.0,
1999,Tennessee ,2699.0,12133.0,
2000,Tennessee ,2950.0,12922.0,
2001,Tennessee ,3339.0,13692.0,
2001,Tennessee ,3339.0,13692.0,
2003,Tennessee ,4039.0,15074.0,
2004,Tennessee ,4260.0,15761.0,
2005,Tennessee ,4765.0,16552.0,
2006,Tennessee ,5006.289,17452.63,
2007,Tennessee ,5361.267,18509.992,
2008,Tennessee ,5682.154,19598.249,
2009,Tennessee ,6048.134,19964.988,18991.091
2010,Tennessee ,6407.274,20461.316,19694.166
2011,Tennessee ,7013.324,21391.274,21350.741
2012,Tennessee ,7472.356,22045.975,22411.802
2013,Tennessee ,7958.184,22561.097,23289.522
2014,Tennessee ,8495.442,23893.11,23949.221
2015,Tennessee ,8932.229,25053.379,24554.099
2016,Tennessee ,9286.937,25984.598,24802.079
2017,Tennessee ,9574.426,26938.99,25378.34
2018,Tennessee ,9789.446,28080.076,26067.719
2019,Tennessee ,10163.86,29199.66,24786.08
2020,Tennessee ,10271.31,29862.17,25046.46
1994,Texas ,1606.0,8386.0,
1995,Texas ,1824.0,8848.0,
1996,Texas ,2028.0,9373.0,
1997,Texas ,2276.0,9989.0,
1998,Texas ,2432.0,10544.0,
1999,Texas ,2648.0,11247.0,
2000,Texas ,2785.0,11865.0,
2001,Texas ,2967.0,12673.0,
2001,Texas ,2967.0,12673.0,
2003,Texas ,3559.0,14798.0,
2004,Texas ,4400.0,15800.0,
2005,Texas ,4666.0,16809.0,
2006,Texas ,5092.934,18285.26,
2007,Texas ,5535.381,19734.772,
2008,Texas ,6023.081,21274.763,
2009,Texas ,6349.892,22178.097,16823.071
2010,Texas ,6742.165,22832.366,18280.122
2011,Texas ,7116.143,23975.611,18772.061
2012,Texas ,7402.13,25174.066,20044.021
2013,Texas ,7476.401,26382.273,20420.277
2014,Texas ,7869.833,27551.541,21134.523
2015,Texas ,8091.046,28879.716,21677.332
2016,Texas ,8375.349,31008.702,23511.118
2017,Texas ,8645.247,32481.747,24936.915
2018,Texas ,8677.93,34475.783,25031.487
2019,Texas ,8597.88,36014.45,24888.8
2020,Texas ,8016.0,37449.62,25470.88
1994,Utah ,1943.0,2761.0,
1995,Utah ,2006.0,2940.0,
1996,Utah ,2011.0,3094.0,
1997,Utah ,2100.0,3191.0,
1998,Utah ,2153.0,3400.0,
1999,Utah ,2139.0,3550.0,
2000,Utah ,2226.0,3754.0,
2001,Utah ,2389.0,3969.0,
2001,Utah ,2389.0,3969.0,
2003,Utah ,2896.0,4537.0,
2004,Utah ,3174.0,4940.0,
2005,Utah ,3445.0,5249.0,
2006,Utah ,3783.18,5768.397,
2007,Utah ,4024.977,6144.455,
2008,Utah ,4235.794,6764.663,
2009,Utah ,4532.146,6992.416,13544.617
2010,Utah ,4792.724,7313.109,14586.82
2011,Utah ,5162.772,7315.229,15971.757
2012,Utah ,5374.543,7758.381,16631.146
2013,Utah ,5655.896,7765.443,17441.123
2014,Utah ,5942.141,7747.497,17899.437
2015,Utah ,6140.485,7570.797,18501.425
2016,Utah ,6333.57,7445.358,19407.243
2017,Utah ,6556.917,7548.421,20167.626
2018,Utah ,6730.643,7851.859,21557.463
2019,Utah ,6699.63,7599.66,21272.81
2020,Utah ,6764.35,7752.99,21594.95
1994,Vermont ,5682.0,14960.0,
1995,Vermont ,5922.0,15646.0,
1996,Vermont ,6533.0,16474.0,
1997,Vermont ,6479.0,17119.0,
1998,Vermont ,6776.0,17677.0,
1999,Vermont ,6918.0,18298.0,
2000,Vermont ,7142.0,15740.0,
2001,Vermont ,7449.0,16454.0,
2001,Vermont ,7449.0,16454.0,
2003,Vermont ,8263.0,18166.0,
2004,Vermont ,8769.0,19951.0,
2005,Vermont ,9279.0,21273.0,
2006,Vermont ,9774.459,22399.101,
2007,Vermont ,10443.366,25147.834,
2008,Vermont ,11339.369,26814.673,
2009,Vermont ,12008.437,28045.84,28502.875
2010,Vermont ,12459.41,29265.126,29931.905
2011,Vermont ,13078.485,33080.05,31583.916
2012,Vermont ,13523.663,35130.449,32649.746
2013,Vermont ,13951.826,36448.955,33700.266
2014,Vermont ,14494.588,37391.172,35241.429
2015,Vermont ,15061.791,39517.667,36474.884
2016,Vermont ,15537.442,41063.123,37991.117
2017,Vermont ,16103.349,42636.611,38967.841
2018,Vermont ,16604.078,44068.198,39946.927
2019,Vermont ,17082.83,46445.29,41056.59
2020,Vermont ,17593.03,48300.33,41962.64
1994,Virginia ,3776.0,9943.0,
1995,Virginia ,3917.0,10614.0,
1996,Virginia ,3968.0,11165.0,
1997,Virginia ,4052.0,11811.0,
1998,Virginia ,4163.0,12246.0,
1999,Virginia ,3730.0,12758.0,
2000,Virginia ,3723.0,13118.0,
2001,Virginia ,3770.0,14429.0,
2001,Virginia ,3770.0,14429.0,
2003,Virginia ,5068.0,16162.0,
2004,Virginia ,5554.0,16555.0,
2005,Virginia ,5912.0,17185.0,
2006,Virginia ,6450.2,17820.519,
2007,Virginia ,6890.283,18551.294,
2008,Virginia ,7427.439,19412.336,
2009,Virginia ,7795.36,19364.717,22511.592
2010,Virginia ,8657.527,20178.152,24254.002
2011,Virginia ,9373.1,20657.891,25759.925
2012,Virginia ,9866.297,21524.213,27078.577
2013,Virginia ,10531.018,22279.939,28578.212
2014,Virginia ,11057.057,22835.21,30415.646
2015,Virginia ,11669.13,21015.674,31558.965
2016,Virginia ,12125.664,22285.922,32249.684
2017,Virginia ,12637.12,23014.487,33427.64
2018,Virginia ,13412.658,23380.334,34890.033
2019,Virginia ,13655.44,23492.57,35831.02
2020,Virginia ,13931.07,23220.24,36192.78
1994,Washington ,2685.0,12408.0,
1995,Washington ,2792.0,13147.0,
1996,Washington ,2933.0,13656.0,
1997,Washington ,3037.0,14222.0,
1998,Washington ,3148.0,14401.0,
1999,Washington ,3355.0,14765.0,
2000,Washington ,3600.0,15874.0,
2001,Washington ,3790.0,16706.0,
2001,Washington ,3790.0,16706.0,
2003,Washington ,4626.0,17983.0,
2004,Washington ,4924.0,18915.0,
2005,Washington ,5250.0,20110.0,
2006,Washington ,5551.79,21556.734,
2007,Washington ,5378.224,23442.119,
2008,Washington ,5687.801,25200.752,
2009,Washington ,6031.514,26183.993,21058.298
2010,Washington ,6678.291,27029.896,21636.339
2011,Washington ,7700.801,28369.682,23639.027
2012,Washington ,8856.069,30132.68,26314.276
2013,Washington ,8766.34,31599.441,27714.148
2014,Washington ,8299.084,32963.512,28538.597
2015,Washington ,7781.831,34411.987,28849.424
2016,Washington ,6903.181,35288.114,28127.968
2017,Washington ,6830.454,36806.901,28263.194
2018,Washington ,7035.736,38753.565,29227.669
2019,Washington ,7167.85,39791.09,30154.5
2020,Washington ,7485.39,40829.54,30890.79
1994,West Virginia,1961.0,9460.0,
1995,West Virginia,2020.0,10185.0,
1996,West Virginia,2091.0,10774.0,
1997,West Virginia,2170.0,11148.0,
1998,West Virginia,2338.0,11617.0,
1999,West Virginia,2548.0,12242.0,
2000,West Virginia,2551.0,12999.0,
2001,West Virginia,2646.0,12854.0,
2001,West Virginia,2646.0,12854.0,
2003,West Virginia ,3170.0,12685.0,
2004,West Virginia ,3584.0,13146.0,
2005,West Virginia ,3816.0,13856.0,
2006,West Virginia ,4099.087,14570.906,
2007,West Virginia ,4382.721,15220.96,
2008,West Virginia ,4708.361,11364.99,
2009,West Virginia ,4898.734,10490.091,14622.52
2010,West Virginia ,4944.248,10609.145,15112.876
2011,West Virginia ,5240.56,10962.22,15750.373
2012,West Virginia ,5599.374,10720.757,16582.185
2013,West Virginia ,5998.489,11050.387,17269.742
2014,West Virginia ,6420.464,11055.082,17881.778
2015,West Virginia ,6899.577,11721.111,18833.329
2016,West Virginia ,7241.115,12206.107,20029.517
2017,West Virginia ,7619.235,12340.953,21031.784
2018,West Virginia ,8015.61,12513.208,21995.552
2019,West Virginia ,8194.6,12672.95,22242.2
2020,West Virginia ,8252.4,12413.27,22474.6
1994,Wisconsin ,2468.0,10761.0,
1995,Wisconsin ,2614.0,11629.0,
1996,Wisconsin ,2748.0,12478.0,
1997,Wisconsin ,2960.0,12905.0,
1998,Wisconsin ,3112.0,13432.0,
1999,Wisconsin ,3315.0,14347.0,
2000,Wisconsin ,3417.0,15032.0,
2001,Wisconsin ,3693.0,15829.0,
2001,Wisconsin ,3693.0,15829.0,
2003,Wisconsin ,4676.0,17386.0,
2004,Wisconsin ,5291.0,18249.0,
2005,Wisconsin ,5672.0,19083.0,
2006,Wisconsin ,6044.884,20225.041,
2007,Wisconsin ,6182.195,21329.334,
2008,Wisconsin ,6552.388,22555.578,
2009,Wisconsin ,6963.031,22878.972,17981.546
2010,Wisconsin ,7391.226,23287.067,18610.064
2011,Wisconsin ,7851.373,24110.34,19336.761
2012,Wisconsin ,8339.441,25499.97,20146.409
2013,Wisconsin ,8406.32,26636.532,20183.001
2014,Wisconsin ,8441.233,28093.76,20020.273
2015,Wisconsin ,8503.586,29776.953,21327.364
2016,Wisconsin ,8418.543,31662.147,22574.336
2017,Wisconsin ,8475.015,33156.1,23499.662
2018,Wisconsin ,8696.539,34423.657,25062.91
2019,Wisconsin ,8763.69,35553.85,25522.33
2020,Wisconsin ,8782.06,35673.92,26969.54
1994,Wyoming ,1908.0,,
1995,Wyoming ,2005.0,,
1996,Wyoming ,2144.0,,
1997,Wyoming ,2326.0,,
1998,Wyoming ,2330.0,,
1999,Wyoming ,2416.0,,
2000,Wyoming ,2575.0,,
2001,Wyoming ,2807.0,,
2001,Wyoming ,2807.0,,
2003,Wyoming ,3090.0,,
2004,Wyoming ,2721.0,,
2005,Wyoming ,2874.0,9450.0,
2006,Wyoming ,2951.0,10500.0,
2007,Wyoming ,2990.0,10890.0,
2008,Wyoming ,3057.0,11325.0,
2009,Wyoming ,3162.0,11325.0,9498.0
2010,Wyoming ,3333.0,,9981.0
2011,Wyoming ,3501.0,15790.0,10485.0
2012,Wyoming ,3642.0,13561.724,10962.0
2013,Wyoming ,3756.0,16620.0,11532.0
2014,Wyoming ,3968.0,16968.0,12152.0
2015,Wyoming ,4178.0,18021.0,12770.0
2016,Wyoming ,4311.0,18021.0,13239.0
2017,Wyoming ,4443.0,,13731.0
2018,Wyoming ,4596.0,,14268.0
2019,Wyoming ,4747.0,,14803.0
2020,Wyoming ,4785.17,,14710.27
